names,seq,activity,x,y
hg3,MAEAAQSVDQLIKARGKVYFGVATDQNRLTTGKNAAIIQADFGMVWPENSMKWDATEPSQGNFNFAGADYLVNWAQQNGKLIGGGMLVWHSQLPSWVSSITDKNTLTNVMKNHITTLMTRYKGKIRAWDVVGEAFNEDGSLRQTVFLNVIGEDYIPIAFQTARAADPNAKLYIMDYNLDSASYPKTQAIVNRVKQWRAAGVPIDGIGSQTHLSAGQGAGVLQALPLLASAGTPEVSILMLDVAGASPTDYVNVVNACLNVQSCVGITVFGVADPDSWRASTTPLLFDGNFNPKPAYNAIVQDLQQGSIEGRGHHHHHH,0.002183406,7.907337,-8.872917
hg3_k50Q,MAEAAQSVDQLIKARGKVYFGVATDQNRLTTGKNAAIIQADFGMVWPENSMQWDATEPSQGNFNFAGADYLVNWAQQNGKLIGGGMLVWHSQLPSWVSSITDKNTLTNVMKNHITTLMTRYKGKIRAWDVVGEAFNEDGSLRQTVFLNVIGEDYIPIAFQTARAADPNAKLYIMDYNLDSASYPKTQAIVNRVKQWRAAGVPIDGIGSQTHLSAGQGAGVLQALPLLASAGTPEVSILMLDVAGASPTDYVNVVNACLNVQSCVGITVFGVADPDSWRASTTPLLFDGNFNPKPAYNAIVQDLQQGSIEGRGHHHHHH,0.005458515,7.3666544,-8.432794
hg3.3,MAEAAQSIDQLIKARGKVYFGVATDQNRLTTGKNAAIIQADFGMVWPENSMHWDATEPSQGNFNFAGADYLVNWAQQNGKLIGGGCLVWHRDLPSWVSSITDKNTLTNVMKNHITTLMTRYKGKIRNWDVVGEAFNEDGSLRQTVFLNVIGEDYIPIAFQTARAADPNAKLYIMDYNLDSASYPKTQAIVNRVKQWRAAGVPIDGIGSQTHLSAGQGAGVLQALPLLASAGTPEVSILMLDVAGASPTDYVNVVNACLNVQSCVGITVFGVADPDSWRASTTPLLFDGNFNPKPAYNAIVQDLQQGSIEGRGHHHHHH,0.017467249,11.584369,-5.92425
hg3.7,MAEAAQSIDQLIKARGKVYFGVATDQNRLTTGKNAAIIKADFGMVWPENSMQWDATEPSQGNFNFAGADYLVNWAQQNGKLIGGGCLVWHRHLPSWVSSITDKNTLTNVMKNHITTLMTRYKGKIRNWDVVGEAFNEDGSLRQTVFLNVIGEDYIPIAFQTARAADPNAKLYIMDYNLDSASYPKTQAIVNRVKQWRAAGVPIDGIGSQTHLSAGQGAGVLQALPLLASAGTPEVSILMLDVAGASPTDYVNVVNACLNVQSCVGITVFGVADPDSWRASTTPLLFDGNFNPKPAYNAIVQDLQQGSIEGRGHHHHHH,0.054585153,12.484444,-6.0983396
hg3.14,MAEAAQSIDQLIKARGKVYFGVATDQNRLTTGKNAAIIKADFGMVWPENSMQWDATEPSQGNFNFAGADYLVNWAQQNGKLIGAGCLVWHSHLPSWVSSITDKNTLINVMKNHITTLMTRYKGKIRTWDVVGEAFNEDGSLRQNVFLNVIGEDYIPIAFQTARAADPNAKLYIMDYNLDSASYPKTQAIVNRVKQWRAAGVPIDGIGSQMHLSAGQGAGVLQALPLLASAGTPEVSILMLDVAGASPTDYVNVVNACLNVQSCVGITVFGVADPDSWRASSTPLLFDGNFNPKPAYNAIVQNLQQGSIEGRGHHHHHH,0.5458515283842795,14.930947,-3.2972834
hg3.17,MAEAAQSIDQLIKARGKVYFGVATDQNRLTTGKNAAIIKADFGMVWPEESMQWDATEPSQGNFNFAGADYLVNWAQQNGKLIGAGCLVWHNFLPSWVSSITDKNTLINVMKNHITTLMTRYKGKIRTWDVVGEAFNEDGSLRQNVFLNVIGEDYIPIAFQTARAADPNAKLYIMDYNLDSASYPKTQAIVNRVKQWRAAGVPIDGIGSQMHLSAGQGAGVLQALPLLASAGTPEVSILMLDVAGASPTDYVNVVNACLNVQSCVGITVMGVADPDSAFASSTPLLFDGNFNPKPAYNAIVQNLQQGSIEGRGHHHHHH,0.8646288209606987,15.494053,3.2195392
hg3.R1,MAEAAQSVDQLIKARGKVYFGVATDQNRLTTGKNAAIIQADFGMVWPENSMQWDATEPSQGNFNFAGADYLVNWAQQNGKLIGGGMLVWHSQLPSWVSSITDKNTLTNVMKNHITTLMTRYKGKIRAWDVVGEAFNEDGSLRQTVFLNVIGEDYIPIAFQTARAADPSAKLYIADYNLDSASYPKTQAIVNRVKQWRAAGVPIDGIGSQTHLSAGQGAGVLQALPLLASAGTPEVSILMLDVAGASPTDYVNVVNACLNVQSCVGITVFGVADPDSWRASTTPLLFDGNFNPKPAYNAIVQDLQQGSIEGRGHHHHHH,0.006550218,5.4421225,-8.162498
hg3.R2,MAEAAQSVDQLIKARGKVYFGVATDQNRLTTGKNAAIIQADFGMVWPENSMQWDATEPSQGNFNFAGADYLVNWAQQNGKLIGGGMLVWHSHLPSWVSSITDKNTLTNVMKNHITTLMTRYKGKIRAWDVVGEAFNEDGSLRQTVFLNVIGEDYIPIAFQTARAADPNAKLYIADYNLDSASYPKTQAIVNRVKQWRAAGVPIDGIGSMTHLSAGQGAGVLQALPLLASAGTPEVSILMLDVAGASPTDYVNVVNACLNVQSCVGITVFGVADPDSWRASTTPLLFDGNFNPKPAYNAIVQDLQQGSIEGRGHHHHHH,0.010917031,4.4102144,-6.306804
hg3.R3,MAEAAQSVDQLIKARGKVYFGVATDQNRLTTGKNAAIIQADFGMVWPENSLQWDAIEPSQGNFNFAGADYLVNWAQQNGKLIGGGMLVWHSHLPSWVSSITDKETLTNVMKNHITTLMTRYKGKIRAWDVVGSAFNEDGSLRQTVFLNVIGEDYIKIAFQTARAADPNAKLYIADYNLDSASYPKTQAIVNKVKQWRAAGVPIDGIGSMTHLSAGQGAGVLQALPLLASAGTPEVSILMLDVAGASPTDYVNVVNACLNVQSCVGITVFGVADPDSWRASTTPLLFDGNFNPKPAYNAIVQDLQQGSIEGRGHHHHHH,0.1441048034934497,-1.5890255,-1.2049361
hg3.R4,MAEAAQSVDQLMKARGKVYFGVATDQNRLTTGKNAAIIQADFGMVWPENSLQWDAIEPSQGNFNFAGADYVVNWAQQNGKLIGGGMLVWHSHLPSWVSSITDKETLTNVMKNHITTLMTRYKGKIRCWDVVGSAFNEDGSLRQTVFLNVIGEDYIKIAFQTARAADPNAKLYIADYNLDSASYPKTQAIVNKVKQWRAAGVPIDGIGSMTHLSAGQGAGVLQALPLLASAGTPEVSILMLDVAGASPTDYVNVVNACLNVQSCVGITSFGVADPDSWRASTTPLLFDGNFNPKPAYNAIVQDLQQGSIEGRGHHHHHH,0.1986899563318777,-2.6780813,-3.4296465
hg3.R5,MAEAAQSVDQLMKARGKVYFGVATDQNRLTTGKNAAIIQADFGMVWPENSLQWDAVEPSQGNFNFAGADYVVNWAQQNGKLIGGGMLVWHSHLPSWVSSITDKETLTNVMKNHITTLMTRYKGKIRVWDVVGSAFNEDGSLRQTVFLNVIGEDYIKIAFQTARAADPNAKLYIADSNLDSASYPKTQAIVNKVKQWRAAGVPIDGIGSMTNLSAGQGAGVLQALPLLASAGTPEVSILMLDVAGASPTDYVNVVNACLNVQSCVGITSFGVADPDSWRASTTPLLFDGNFNPKPAYNAIVQDLQQGSIEGRGHHHHHH,1,-10.030737,-2.0313966
HG3R5w17,MAEAAQSIDQLMKARGKVYFGVATDQNRLTTGKNAAIIKADFGMVWPEESLQWDAVEPSQGNFNFAGADYVVNWAQQNGKLIGAGCLVWHNHLPSWVSSITDKETLINVMKNHITTLMTRYKGKIRVWDVVGSAFNEDGSLRQNVFLNVIGEDYIKIAFQTARAADPNAKLYIADSNLDSASYPKTQAIVNKVKQWRAAGVPIDGIGSMMNLSAGQGAGVLQALPLLASAGTPEVSILMLDVAGASPTDYVNVVNACLNVQSCVGITSMGVADPDSAFASSTPLLFDGNFNPKPAYNAIVQNLQQGSIEGRGHHHHHH,0.098253275,-0.14792386,10.5069
HG317wR5,MAEAAQSIDQLMKARGKVYFGVATDQNRLTTGKNAAIIKADFGMVWPEESLQWDAVEPSQGNFNFAGADYVVNWAQQNGKLIGAGCLVWHNFLPSWVSSITDKETLINVMKNHITTLMTRYKGKIRTWDVVGSAFNEDGSLRQNVFLNVIGEDYIKIAFQTARAADPNAKLYIADSNLDSASYPKTQAIVNKVKQWRAAGVPIDGIGSMMNLSAGQGAGVLQALPLLASAGTPEVSILMLDVAGASPTDYVNVVNACLNVQSCVGITSMGVADPDSAFASSTPLLFDGNFNPKPAYNAIVQNLQQGSIEGRGHHHHHH,0.098253275,-0.28968915,9.625717
1,MAEAAQSVDQLMKARGKVYFGVATDQNRLTTGKNAAIIQADFGMVWPENSLQWDAVEPSQGNFNFAGADYVVNWAQQNGKLIGGGMLVWHSHLPSWVSSITDKETLTNVMKNHITTLMTRYKGKIRVWDVVGSAFNEDGSLRQNVFLNVIGEDYIPIAFQTARAADPNAKLYIADSNLDSASYPKTQAIVNKVKQWRAAGVPIDGIGSMTNLSAGQGAGVLQALPLLASAGTPEVSILMLDVAGASPTDYVNVVNACLNVQSCVGITSFGVADPDSWRASTTPLLFDGNFNPKPAYNAIVQDLQQGSIEGRGHHHHHH,1.125701246,-9.254802,-2.0732114
2,MAEAAQSVDQLIKARGKVYFGVATDQNRLTTGKNAAIIQADFGMVWPENSLQWDAVEPSQGNFNFAGADYVVNWAQQNGKLIGGGMLVWHNFLPSWVSSITDKNTLINVMKNHITTLMTRYKGKIRVWDVVGSAFNEDGSLRQTVFLNVIGEDYIKIAFQTARAADPNAKLYIADSNLDSASYPKTQAIVNRVKQWRAAGVPIDGIGSMTNLSAGQGAGVLQALPLLASAGTPEVSILMLDVAGASPTDYVNVVNACLNVQSCVGITSFGVADPDSWRASTTPLLFDGNFNPKPAYNAIVQDLQQGSIEGRGHHHHHH,1.1110812731642608,-4.902025,-1.216782
3,MAEAAQSIDQLIKARGKVYFGVATDQNRLTTGKNAAIIKADFGMVWPENSLQWDATEPSQGNFNFAGADYVVNWAQQNGKLIGGGMLVWHSHLPSWVSSITDKNTLINVMKNHITTLMTRYKGKIRVWDVVGSAFNEDGSLRQTVFLNVIGEDYIKIAFQTARAADPNAKLYIADSNLDSASYPKTQAIVNKVKQWRAAGVPIDGIGSMTNLSAGQGAGVLQALPLLASAGTPEVSILMLDVAGASPTDYVNVVNACLNVQSCVGITSFGVADPDSWRASTTPLLFDGNFNPKPAYNAIVQNLQQGSIEGRGHHHHHH,1.034208003740193,-2.4106233,0.9722744
4,MAEAAQSVDQLIKARGKVYFGVATDQNRLTTGKNAAIIKADFGMVWPENSLQWDAVEPSQGNFNFAGADYVVNWAQQNGKLIGGGMLVWHSHLPSWVSSITDKETLTNVMKNHITTLMTRYKGKIRVWDVVGSAFNEDGSLRQTVFLNVIGEDYIKIAFQTARAADPNAKLYIADSNLDSASYPKTQAIVNKVKQWRAAGVPIDGIGSMTNLSAGQGAGVLQALPLLASAGTPEVSILMLDVAGASPTDYVNVVNACLNVQSCVGITSFGVADPDSWRASTTPLLFDGNFNPKPAYNAIVQDLQQGSIEGRGHHHHHH,1.007587925163876,-9.670485,-1.5218077
5,MAEAAQSVDQLMKARGKVYFGVATDQNRLTTGKNAAIIQADFGMVWPENSLQWDAVEPSQGNFNFAGADYLVNWAQQNGKLIGGGMLVWHSHLPSWVSSITDKETLTNVMKNHITTLMTRYKGKIRVWDVVGSAFNEDGSLRQTVFLNVIGEDYIKIAFQTARAADPNAKLYIADSNLDSASYPKTQAIVNKVKQWRAAGVPIDGIGSMTNLSAGQGAGVLQALPLLASAGTPEVSILMLDVAGASPTDYVNVVNACLNVQSCVGITSFGVADPDSWRASTTPLLFDGNFNPKPAYNAIVQDLQQGSIEGRGHHHHHH,0.9858688317597226,-9.009421,-0.8696467
6,MAEAAQSIDQLIKARGKVYFGVATDQNRLTTGKNAAIIQADFGMVWPENSLQWDAVEPSQGNFNFAGADYVVNWAQQNGKLIGGGMLVWHNFLPSWVSSITDKETLTNVMKNHITTLMTRYKGKIRTWDVVGEAFNEDGSLRQTVFLNVIGEDYIKIAFQTARAADPNAKLYIADSNLDSASYPKTQAIVNKVKQWRAAGVPIDGIGSMTNLSAGQGAGVLQALPLLASAGTPEVSILMLDVAGASPTDYVNVVNACLNVQSCVGITSFGVADPDSWRASTTPLLFDGNFNPKPAYNAIVQDLQQGSIEGRGHHHHHH,0.9755963006197385,-3.0648317,-2.474022
7,MAEAAQSIDQLIKARGKVYFGVATDQNRLTTGKNAAIIQADFGMVWPENSLQWDAVEPSQGNFNFAGADYVVNWAQQNGKLIGGGMLVWHSHLPSWVSSITDKETLTNVMKNHITTLMTRYKGKIRVWDVVGSAFNEDGSLRQTVFLNVIGEDYIKIAFQTARAADPNAKLYIADSNLDSASYPKTQAIVNKVKQWRAAGVPIDGIGSMTNLSAGQGAGVLQALPLLASAGTPEVSILMLDVAGASPTDYVNVVNACLNVQSCVGITVMGVADPDSWRASTTPLLFDGNFNPKPAYNAIVQDLQQGSIEGRGHHHHHH,0.9681839328486244,-6.4240184,4.2486024
8,MAEAAQSVDQLMKARGKVYFGVATDQNRLTTGKNAAIIKADFGMVWPENSLQWDAVEPSQGNFNFAGADYVVNWAQQNGKLIGGGMLVWHNFLPSWVSSITDKNTLTNVMKNHITTLMTRYKGKIRVWDVVGSAFNEDGSLRQTVFLNVIGEDYIKIAFQTARAADPNAKLYIADSNLDSASYPKTQAIVNKVKQWRAAGVPIDGIGSMTNLSAGQGAGVLQALPLLASAGTPEVSILMLDVAGASPTDYVNVVNACLNVQSCVGITSFGVADPDSWRASTTPLLFDGNFNPKPAYNAIVQDLQQGSIEGRGHHHHHH,0.9630194037728312,-6.542972,-2.991567
9,MAEAAQSVDQLIKARGKVYFGVATDQNRLTTGKNAAIIQADFGMVWPEESMQWDATEPSQGNFNFAGADYLVNWAQQNGKLIGAGCLVWHNFLPSWVSSITDKNTLTNVMKNHITTLMTRYKGKIRTWDVVGEAFNEDGSLRQNVFLNVIGEDYIPIAFQTARAADPNAKLYIMDYNLDSASYPKTQAIVNRVKQWRAAGVPIDGIGSQMHLSAGQGAGVLQALPLLASAGTPEVSILMLDVAGASPTDYVNVVNACLNVQSCVGITVMGVADPDSAFASSTPLLFDGNFNPKPAYNAIVQNLQQGSIEGRGHHHHHH,0.9553684167664566,13.674776,1.4783803
10,MAEAAQSVDQLMKARGKVYFGVATDQNRLTTGKNAAIIQADFGMVWPENSLQWDAVEPSQGNFNFAGADYVVNWAQQNGKLIGGGMLVWHSHLPSWVSSITDKETLTNVMKNHITTLMTRYKGKIRVWDVVGSAFNEDGSLRQTVFLNVIGEDYIKIAFQTARAADPNAKLYIADSNLDSASYPKTQAIVNRVKQWRAAGVPIDGIGSMTNLSAGQGAGVLQALPLLASAGTPEVSILMLDVAGASPTDYVNVVNACLNVQSCVGITSFGVADPDSWRASTTPLLFDGNFNPKPAYNAIVQDLQQGSIEGRGHHHHHH,0.9520075247320204,-10.751572,-2.4151745
11,MAEAAQSIDQLMKARGKVYFGVATDQNRLTTGKNAAIIQADFGMVWPEESMQWDATEPSQGNFNFAGADYVVNWAQQNGKLIGGGMLVWHSHLPSWVSSITDKETLTNVMKNHITTLMTRYKGKIRVWDVVGSAFNEDGSLRQTVFLNVIGEDYIKIAFQTARAADPNAKLYIADSNLDSASYPKTQAIVNKVKQWRAAGVPIDGIGSMTNLSAGQGAGVLQALPLLASAGTPEVSILMLDVAGASPTDYVNVVNACLNVQSCVGITSFGVADPDSWRASTTPLLFDGNFNPKPAYNAIVQDLQQGSIEGRGHHHHHH,0.8975924706515639,-8.175233,-1.0390259
12,MAEAAQSVDQLMKARGKVYFGVATDQNRLTTGKNAAIIKADFGMVWPEESMQWDATEPSQGNFNFAGADYVVNWAQQNGKLIGGGMLVWHNFLPSWVSSITDKETLTNVMKNHITTLMTRYKGKIRVWDVVGSAFNEDGSLRQTVFLNVIGEDYIKIAFQTARAADPNAKLYIADSNLDSASYPKTQAIVNKVKQWRAAGVPIDGIGSMTNLSAGQGAGVLQALPLLASAGTPEVSILMLDVAGASPTDYVNVVNACLNVQSCVGITSFGVADPDSWRASTTPLLFDGNFNPKPAYNAIVQDLQQGSIEGRGHHHHHH,0.8832508458110357,-8.623539,-2.3719516
13,MAEAAQSVDQLMKARGKVYFGVATDQNRLTTGKNAAIIKADFGMVWPENSLQWDAVEPSQGNFNFAGADYVVNWAQQNGKLIGGGMLVWHSHLPSWVSSITDKETLTNVMKNHITTLMTRYKGKIRTWDVVGEAFNEDGSLRQTVFLNVIGEDYIKIAFQTARAADPNAKLYIADSNLDSASYPKTQAIVNKVKQWRAAGVPIDGIGSMTNLSAGQGAGVLQALPLLASAGTPEVSILMLDVAGASPTDYVNVVNACLNVQSCVGITSFGVADPDSWRASTTPLLFDGNFNPKPAYNAIVQNLQQGSIEGRGHHHHHH,0.8828876396957849,-5.400348,-4.347235
14,MAEAAQSVDQLMKARGKVYFGVATDQNRLTTGKNAAIIQADFGMVWPENSLQWDAVEPSQGNFNFAGADYVVNWAQQNGKLIGGGMLVWHSHLPSWVSSITDKETLTNVMKNHITTLMTRYKGKIRTWDVVGSAFNEDGSLRQTVFLNVIGEDYIKIAFQTARAADPNAKLYIADSNLDSASYPKTQAIVNKVKQWRAAGVPIDGIGSMTNLSAGQGAGVLQALPLLASAGTPEVSILMLDVAGASPTDYVNVVNACLNVQSCVGITSFGVADPDSWRASTTPLLFDGNFNPKPAYNAIVQNLQQGSIEGRGHHHHHH,0.8811943515712042,-8.958148,-1.7981267
15,MAEAAQSVDQLMKARGKVYFGVATDQNRLTTGKNAAIIQADFGMVWPENSLQWDAVEPSQGNFNFAGADYVVNWAQQNGKLIGGGMLVWHSHLPSWVSSITDKNTLTNVMKNHITTLMTRYKGKIRVWDVVGSAFNEDGSLRQTVFLNVIGEDYIKIAFQTARAADPNAKLYIADSNLDSASYPKTQAIVNKVKQWRAAGVPIDGIGSMTNLSAGQGAGVLQALPLLASAGTPEVSILMLDVAGASPTDYVNVVNACLNVQSCVGITSFGVADPDSWRASTTPLLFDGNFNPKPAYNAIVQDLQQGSIEGRGHHHHHH,0.8680747836512948,-7.4003377,-2.924105
16,MAEAAQSVDQLMKARGKVYFGVATDQNRLTTGKNAAIIKADFGMVWPEESMQWDATEPSQGNFNFAGADYVVNWAQQNGKLIGGGMLVWHSHLPSWVSSITDKETLTNVMKNHITTLMTRYKGKIRVWDVVGSAFNEDGSLRQTVFLNVIGEDYIKIAFQTARAADPNAKLYIADSNLDSASYPKTQAIVNKVKQWRAAGVPIDGIGSMTNLSAGQGAGVLQALPLLASAGTPEVSILMLDVAGASPTDYVNVVNACLNVQSCVGITSFGVADPDSWRASTTPLLFDGNFNPKPAYNAIVQDLQQGSIEGRGHHHHHH,0.8655878351121462,-9.891013,-2.6815395
17,MAEAAQSVDQLMKARGKVYFGVATDQNRLTTGKNAAIIQADFGMVWPENSLQWDAVEPSQGNFNFAGADYVVNWAQQNGKLIGGGMLVWHSHLPSWVSSITDKETLINVMKNHITTLMTRYKGKIRVWDVVGSAFNEDGSLRQTVFLNVIGEDYIKIAFQTARAADPNAKLYIADSNLDSASYPKTQAIVNKVKQWRAAGVPIDGIGSMTNLSAGQGAGVLQALPLLASAGTPEVSILMLDVAGASPTDYVNVVNACLNVQSCVGITSFGVADPDSWRASTTPLLFDGNFNPKPAYNAIVQDLQQGSIEGRGHHHHHH,0.862834473,-8.586874,-0.7365264
18,MAEAAQSVDQLMKARGKVYFGVATDQNRLTTGKNAAIIQADFGMVWPENSLQWDAVEPSQGNFNFAGADYVVNWAQQNGKLIGGGMLVWHSHLPSWVSSITDKETLTNVMKNHITTLMTRYKGKIRVWDVVGSAFNEDGSLRQTVFLNVIGEDYIKIAFQTARAADPNAKLYIADSNLDSASYPKTQAIVNKVKQWRAAGVPIDGIGSMTNLSAGQGAGVLQALPLLASAGTPEVSILMLDVAGASPTDYVNVVNACLNVQSCVGITSFGVADPDSWRASTTPLLFDGNFNPKPAYNAIVQNLQQGSIEGRGHHHHHH,0.8318038853495662,-8.385625,-0.975586
19,MAEAAQSIDQLIKARGKVYFGVATDQNRLTTGKNAAIIQADFGMVWPEESMQWDAVEPSQGNFNFAGADYVVNWAQQNGKLIGGGMLVWHSHLPSWVSSITDKETLINVMKNHITTLMTRYKGKIRVWDVVGSAFNEDGSLRQTVFLNVIGEDYIKIAFQTARAADPNAKLYIADSNLDSASYPKTQAIVNKVKQWRAAGVPIDGIGSMTNLSAGQGAGVLQALPLLASAGTPEVSILMLDVAGASPTDYVNVVNACLNVQSCVGITSFGVADPDSWRASTTPLLFDGNFNPKPAYNAIVQNLQQGSIEGRGHHHHHH,0.8171676572350725,-3.931619,2.5660338
20,MAEAAQSIDQLIKARGKVYFGVATDQNRLTTGKNAAIIQADFGMVWPENSLQWDAVEPSQGNFNFAGADYLVNWAQQNGKLIGAGCLVWHNFLPSWVSSITDKETLTNVMKNHITTLMTRYKGKIRTWDVVGEAFNEDGSLRQNVFLNVIGEDYIPIAFQTARAADPNAKLYIMDYNLDSASYPKTQAIVNRVKQWRAAGVPIDGIGSQMHLSAGQGAGVLQALPLLASAGTPEVSILMLDVAGASPTDYVNVVNACLNVQSCVGITSFGVADPDSWRASTTPLLFDGNFNPKPAYNAIVQDLQQGSIEGRGHHHHHH,0.8041664046849056,10.255764,-3.5164826
21,MAEAAQSIDQLIKARGKVYFGVATDQNRLTTGKNAAIIQADFGMVWPEESMQWDAVEPSQGNFNFAGADYVVNWAQQNGKLIGGGMLVWHSHLPSWVSSITDKETLTNVMKNHITTLMTRYKGKIRVWDVVGSAFNEDGSLRQTVFLNVIGEDYIKIAFQTARAADPNAKLYIADSNLDSASYPKTQAIVNKVKQWRAAGVPIDGIGSMTNLSAGQGAGVLQALPLLASAGTPEVSILMLDVAGASPTDYVNVVNACLNVQSCVGITSFGVADPDSWRASTTPLLFDGNFNPKPAYNAIVQDLQQGSIEGRGHHHHHH,0.8017647312933434,-6.9263844,0.25990784
22,MAEAAQSVDQLMKARGKVYFGVATDQNRLTTGKNAAIIKADFGMVWPENSLQWDAVEPSQGNFNFAGADYVVNWAQQNGKLIGGGMLVWHSHLPSWVSSITDKNTLTNVMKNHITTLMTRYKGKIRVWDVVGSAFNEDGSLRQTVFLNVIGEDYIKIAFQTARAADPNAKLYIADSNLDSASYPKTQAIVNKVKQWRAAGVPIDGIGSMTNLSAGQGAGVLQALPLLASAGTPEVSILMLDVAGASPTDYVNVVNACLNVQSCVGITSFGVADPDSWRASTTPLLFDGNFNPKPAYNAIVQDLQQGSIEGRGHHHHHH,0.7989308991889138,-7.781396,-3.2497168
23,MAEAAQSIDQLIKARGKVYFGVATDQNRLTTGKNAAIIQADFGMVWPEESMQWDATEPSQGNFNFAGADYLVNWAQQNGKLIGAGCLVWHNFLPSWVSSITDKNTLINVMKNHITTLMTRYKGKIRTWDVVGEAFNEDGSLRQNVFLNVIGEDYIPIAFQTARAADPNAKLYIMDYNLDSASYPKTQAIVNRVKQWRAAGVPIDGIGSQMHLSAGQGAGVLQALPLLASAGTPEVSILMLDVAGASPTDYVNVVNACLNVQSCVGITSFGVADPDSWRASTTPLLFDGNFNPKPAYNAIVQDLQQGSIEGRGHHHHHH,0.7980382125802602,13.822185,-4.4740157
24,MAEAAQSVDQLMKARGKVYFGVATDQNRLTTGKNAAIIQADFGMVWPENSLQWDAVEPSQGNFNFAGADYVVNWAQQNGKLIGGGMLVWHSHLPSWVSSITDKETLTNVMKNHITTLMTRYKGKIRVWDVVGSAFNEDGSLRQTVFLNVIGEDYIKIAFQTARAADPNAKLYIADSNLDSASYPKTQAIVNKVKQWRAAGVPIDGIGSMTNLSAGQGAGVLQALPLLASAGTPEVSILMLDVAGASPTDYVNVVNACLNVQSCVGITVMGVADPDSWRASTTPLLFDGNFNPKPAYNAIVQDLQQGSIEGRGHHHHHH,0.7948694383847075,-9.001076,1.7044971
25,MAEAAQSIDQLIKARGKVYFGVATDQNRLTTGKNAAIIQADFGMVWPENSLQWDAVEPSQGNFNFAGADYVVNWAQQNGKLIGGGMLVWHSHLPSWVSSITDKETLTNVMKNHITTLMTRYKGKIRVWDVVGSAFNEDGSLRQTVFLNVIGEDYIKIAFQTARAADPNAKLYIADSNLDSASYPKTQAIVNKVKQWRAAGVPIDGIGSMTNLSAGQGAGVLQALPLLASAGTPEVSILMLDVAGASPTDYVNVVNACLNVQSCVGITSFGVADPDSWRASTTPLLFDGNFNPKPAYNAIVQDLQQGSIEGRGHHHHHH,0.7893625779170754,-7.45996,0.47997212
26,MAEAAQSIDQLIKARGKVYFGVATDQNRLTTGKNAAIIQADFGMVWPENSLQWDAVEPSQGNFNFAGADYLVNWAQQNGKLIGAGCLVWHNFLPSWVSSITDKNTLINVMKNHITTLMTRYKGKIRTWDVVGEAFNEDGSLRQNVFLNVIGEDYIKIAFQTARAADPNAKLYIMDYNLDSASYPKTQAIVNRVKQWRAAGVPIDGIGSQMHLSAGQGAGVLQALPLLASAGTPEVSILMLDVAGASPTDYVNVVNACLNVQSCVGITVMGVADPDSAFASSTPLLFDGNFNPKPAYNAIVQNLQQGSIEGRGHHHHHH,0.7824160464251861,15.450772,4.662107
27,MAEAAQSVDQLMKARGKVYFGVATDQNRLTTGKNAAIIQADFGMVWPENSLQWDAVEPSQGNFNFAGADYVVNWAQQNGKLIGGGMLVWHNFLPSWVSSITDKNTLINVMKNHITTLMTRYKGKIRTWDVVGEAFNEDGSLRQNVFLNVIGEDYIPIAFQTARAADPNAKLYIADSNLDSASYPKTQAIVNKVKQWRAAGVPIDGIGSMTNLSAGQGAGVLQALPLLASAGTPEVSILMLDVAGASPTDYVNVVNACLNVQSCVGITSFGVADPDSWRASTTPLLFDGNFNPKPAYNAIVQDLQQGSIEGRGHHHHHH,0.7813383804082322,-0.4541994,-4.669059
28,MAEAAQSVDQLMKARGKVYFGVATDQNRLTTGKNAAIIKADFGMVWPENSLQWDAVEPSQGNFNFAGADYVVNWAQQNGKLIGGGMLVWHSHLPSWVSSITDKETLTNVMKNHITTLMTRYKGKIRVWDVVGSAFNEDGSLRQTVFLNVIGEDYIKIAFQTARAADPNAKLYIADSNLDSASYPKTQAIVNKVKQWRAAGVPIDGIGSMTNLSAGQGAGVLQALPLLASAGTPEVSILMLDVAGASPTDYVNVVNACLNVQSCVGITSFGVADPDSWRASTTPLLFDGNFNPKPAYNAIVQDLQQGSIEGRGHHHHHH,0.7724784500880403,-10.400077,-2.3428493
29,MAEAAQSVDQLMKARGKVYFGVATDQNRLTTGKNAAIIQADFGMVWPENSLQWDAVEPSQGNFNFAGADYVVNWAQQNGKLIGGGMLVWHSHLPSWVSSITDKNTLINVMKNHITTLMTRYKGKIRVWDVVGSAFNEDGSLRQTVFLNVIGEDYIKIAFQTARAADPNAKLYIADSNLDSASYPKTQAIVNKVKQWRAAGVPIDGIGSMTNLSAGQGAGVLQALPLLASAGTPEVSILMLDVAGASPTDYVNVVNACLNVQSCVGITSFGVADPDSWRASTTPLLFDGNFNPKPAYNAIVQNLQQGSIEGRGHHHHHH,0.7654105194732111,-4.408819,-0.77453303
30,MAEAAQSVDQLMKARGKVYFGVATDQNRLTTGKNAAIIQADFGMVWPENSLQWDAVEPSQGNFNFAGADYLVNWAQQNGKLIGAGCLVWHNFLPSWVSSITDKNTLINVMKNHITTLMTRYKGKIRTWDVVGEAFNEDGSLRQNVFLNVIGEDYIPIAFQTARAADPNAKLYIMDYNLDSASYPKTQAIVNKVKQWRAAGVPIDGIGSQMHLSAGQGAGVLQALPLLASAGTPEVSILMLDVAGASPTDYVNVVNACLNVQSCVGITSFGVADPDSWRASTTPLLFDGNFNPKPAYNAIVQDLQQGSIEGRGHHHHHH,0.764579534,12.672468,-5.5431643
31,MAEAAQSIDQLIKARGKVYFGVATDQNRLTTGKNAAIIKADFGMVWPEESMQWDATEPSQGNFNFAGADYLVNWAQQNGKLIGAGCLVWHNFLPSWVSSITDKNTLINVMKNHITTLMTRYKGKIRTWDVVGEAFNEDGSLRQTVFLNVIGEDYIKIAFQTARAADPNAKLYIMDYNLDSASYPKTQAIVNRVKQWRAAGVPIDGIGSQMHLSAGQGAGVLQALPLLASAGTPEVSILMLDVAGASPTDYVNVVNACLNVQSCVGITVMGVADPDSAFASSTPLLFDGNFNPKPAYNAIVQDLQQGSIEGRGHHHHHH,0.7481782194509936,13.804125,2.5652182
32,MAEAAQSIDQLIKARGKVYFGVATDQNRLTTGKNAAIIQADFGMVWPEESMQWDATEPSQGNFNFAGADYVVNWAQQNGKLIGGGCLVWHNFLPSWVSSITDKNTLINVMKNHITTLMTRYKGKIRTWDVVGEAFNEDGSLRQNVFLNVIGEDYIPIAFQTARAADPNAKLYIMDYNLDSASYPKTQAIVNKVKQWRAAGVPIDGIGSQMHLSAGQGAGVLQALPLLASAGTPEVSILMLDVAGASPTDYVNVVNACLNVQSCVGITSFGVADPDSWRASTTPLLFDGNFNPKPAYNAIVQDLQQGSIEGRGHHHHHH,0.7450754965240546,14.029304,-6.074979
33,MAEAAQSVDQLMKARGKVYFGVATDQNRLTTGKNAAIIQADFGMVWPENSLQWDAVEPSQGNFNFAGADYVVNWAQQNGKLIGGGMLVWHSHLPSWVSSITDKETLTNVMKNHITTLMTRYKGKIRTWDVVGEAFNEDGSLRQNVFLNVIGEDYIPIAFQTARAADPNAKLYIADSNLDSASYPKTQAIVNKVKQWRAAGVPIDGIGSMTNLSAGQGAGVLQALPLLASAGTPEVSILMLDVAGASPTDYVNVVNACLNVQSCVGITSFGVADPDSWRASTTPLLFDGNFNPKPAYNAIVQDLQQGSIEGRGHHHHHH,0.742061382,-5.74329,-5.01443
34,MAEAAQSIDQLIKARGKVYFGVATDQNRLTTGKNAAIIKADFGMVWPENSLQWDAVEPSQGNFNFAGADYVVNWAQQNGKLIGGGMLVWHSHLPSWVSSITDKETLINVMKNHITTLMTRYKGKIRTWDVVGSAFNEDGSLRQTVFLNVIGEDYIKIAFQTARAADPNAKLYIADSNLDSASYPKTQAIVNKVKQWRAAGVPIDGIGSMTNLSAGQGAGVLQALPLLASAGTPEVSILMLDVAGASPTDYVNVVNACLNVQSCVGITSFGVADPDSWRASTTPLLFDGNFNPKPAYNAIVQDLQQGSIEGRGHHHHHH,0.7371679601482699,-6.937319,0.5684648
35,MAEAAQSVDQLMKARGKVYFGVATDQNRLTTGKNAAIIQADFGMVWPENSLQWDAVEPSQGNFNFAGADYVVNWAQQNGKLIGGGMLVWHSHLPSWVSSITDKETLTNVMKNHITTLMTRYKGKIRVWDVVGSAFNEDGSLRQNVFLNVIGEDYIKIAFQTARAADPNAKLYIADSNLDSASYPKTQAIVNKVKQWRAAGVPIDGIGSMTNLSAGQGAGVLQALPLLASAGTPEVSILMLDVAGASPTDYVNVVNACLNVQSCVGITSFGVADPDSWRASTTPLLFDGNFNPKPAYNAIVQDLQQGSIEGRGHHHHHH,0.7298538305507076,-9.730384,-1.7112994
36,MAEAAQSIDQLIKARGKVYFGVATDQNRLTTGKNAAIIQADFGMVWPENSLQWDAVEPSQGNFNFAGADYVVNWAQQNGKLIGGGMLVWHSHLPSWVSSITDKETLTNVMKNHITTLMTRYKGKIRVWDVVGSAFNEDGSLRQTVFLNVIGEDYIKIAFQTARAADPNAKLYIADSNLDSASYPKTQAIVNKVKQWRAAGVPIDGIGSMTNLSAGQGAGVLQALPLLASAGTPEVSILMLDVAGASPTDYVNVVNACLNVQSCVGITSFGVADPDSAFASSTPLLFDGNFNPKPAYNAIVQDLQQGSIEGRGHHHHHH,0.7272268863649141,-7.124462,4.616034
37,MAEAAQSVDQLMKARGKVYFGVATDQNRLTTGKNAAIIQADFGMVWPENSLQWDAVEPSQGNFNFAGADYVVNWAQQNGKLIGGGMLVWHSHLPSWVSSITDKNTLINVMKNHITTLMTRYKGKIRTWDVVGEAFNEDGSLRQTVFLNVIGEDYIKIAFQTARAADPNAKLYIADSNLDSASYPKTQAIVNKVKQWRAAGVPIDGIGSMTNLSAGQGAGVLQALPLLASAGTPEVSILMLDVAGASPTDYVNVVNACLNVQSCVGITSFGVADPDSWRASTTPLLFDGNFNPKPAYNAIVQDLQQGSIEGRGHHHHHH,0.7249622156850721,-2.430062,-4.807415
38,MAEAAQSIDQLIKARGKVYFGVATDQNRLTTGKNAAIIQADFGMVWPENSLQWDAVEPSQGNFNFAGADYVVNWAQQNGKLIGGGMLVWHSHLPSWVSSITDKETLTNVMKNHITTLMTRYKGKIRTWDVVGEAFNEDGSLRQTVFLNVIGEDYIKIAFQTARAADPNAKLYIADSNLDSASYPKTQAIVNKVKQWRAAGVPIDGIGSMTNLSAGQGAGVLQALPLLASAGTPEVSILMLDVAGASPTDYVNVVNACLNVQSCVGITSFGVADPDSWRASTTPLLFDGNFNPKPAYNAIVQNLQQGSIEGRGHHHHHH,0.722026036,-2.629156,-1.5245719
39,MAEAAQSVDQLMKARGKVYFGVATDQNRLTTGKNAAIIQADFGMVWPEESMQWDATEPSQGNFNFAGADYVVNWAQQNGKLIGGGMLVWHSHLPSWVSSITDKETLTNVMKNHITTLMTRYKGKIRVWDVVGSAFNEDGSLRQTVFLNVIGEDYIKIAFQTARAADPNAKLYIADSNLDSASYPKTQAIVNKVKQWRAAGVPIDGIGSMTNLSAGQGAGVLQALPLLASAGTPEVSILMLDVAGASPTDYVNVVNACLNVQSCVGITSFGVADPDSWRASTTPLLFDGNFNPKPAYNAIVQDLQQGSIEGRGHHHHHH,0.7169423974327017,-9.559722,-2.4070911
40,MAEAAQSIDQLIKARGKVYFGVATDQNRLTTGKNAAIIKADFGMVWPEESMQWDATEPSQGNFNFAGADYLVNWAQQNGKLIGAGCLVWHNFLPSWVSSITDKETLTNVMKNHITTLMTRYKGKIRTWDVVGEAFNEDGSLRQTVFLNVIGEDYIKIAFQTARAADPNAKLYIMDYNLDSASYPKTQAIVNRVKQWRAAGVPIDGIGSQMHLSAGQGAGVLQALPLLASAGTPEVSILMLDVAGASPTDYVNVVNACLNVQSCVGITSFGVADPDSWRASTTPLLFDGNFNPKPAYNAIVQDLQQGSIEGRGHHHHHH,0.6726371379347693,9.398358,-4.416553
41,MAEAAQSVDQLMKARGKVYFGVATDQNRLTTGKNAAIIKADFGMVWPENSLQWDAVEPSQGNFNFAGADYVVNWAQQNGKLIGGGMLVWHSHLPSWVSSITDKETLTNVMKNHITTLMTRYKGKIRTWDVVGEAFNEDGSLRQTVFLNVIGEDYIKIAFQTARAADPNAKLYIADSNLDSASYPKTQAIVNRVKQWRAAGVPIDGIGSMTNLSAGQGAGVLQALPLLASAGTPEVSILMLDVAGASPTDYVNVVNACLNVQSCVGITSFGVADPDSWRASTTPLLFDGNFNPKPAYNAIVQDLQQGSIEGRGHHHHHH,0.6651338645016239,-7.7119474,-5.714891
42,MAEAAQSIDQLIKARGKVYFGVATDQNRLTTGKNAAIIKADFGMVWPEESMQWDATEPSQGNFNFAGADYLVNWAQQNGKLIGAGCLVWHSHLPSWVSSITDKETLTNVMKNHITTLMTRYKGKIRVWDVVGEAFNEDGSLRQNVFLNVIGEDYIPIAFQTARAADPNAKLYIMDYNLDSASYPKTQAIVNRVKQWRAAGVPIDGIGSQMHLSAGQGAGVLQALPLLASAGTPEVSILMLDVAGASPTDYVNVVNACLNVQSCVGITVMGVADPDSAFASSTPLLFDGNFNPKPAYNAIVQNLQQGSIEGRGHHHHHH,0.6337455189248412,11.848896,4.4300704
43,MAEAAQSIDQLIKARGKVYFGVATDQNRLTTGKNAAIIKADFGMVWPEESMQWDATEPSQGNFNFAGADYVVNWAQQNGKLIGGGMLVWHSHLPSWVSSITDKETLTNVMKNHITTLMTRYKGKIRTWDVVGEAFNEDGSLRQNVFLNVIGEDYIPIAFQTARAADPNAKLYIADSNLDSASYPKTQAIVNKVKQWRAAGVPIDGIGSMTNLSAGQGAGVLQALPLLASAGTPEVSILMLDVAGASPTDYVNVVNACLNVQSCVGITSFGVADPDSWRASTTPLLFDGNFNPKPAYNAIVQDLQQGSIEGRGHHHHHH,0.6332105041587563,-3.4854944,-3.560996
44,MAEAAQSVDQLMKARGKVYFGVATDQNRLTTGKNAAIIKADFGMVWPEESMQWDATEPSQGNFNFAGADYLVNWAQQNGKLIGAGCLVWHNFLPSWVSSITDKNTLINVMKNHITTLMTRYKGKIRTWDVVGEAFNEDGSLRQTVFLNVIGEDYIKIAFQTARAADPNAKLYIMDYNLDSASYPKTQAIVNRVKQWRAAGVPIDGIGSQMHLSAGQGAGVLQALPLLASAGTPEVSILMLDVAGASPTDYVNVVNACLNVQSCVGITVMGVADPDSAFASSTPLLFDGNFNPKPAYNAIVQNLQQGSIEGRGHHHHHH,0.6304703977851578,13.59627,1.5350928
45,MAEAAQSVDQLMKARGKVYFGVATDQNRLTTGKNAAIIKADFGMVWPEESMQWDAVEPSQGNFNFAGADYVVNWAQQNGKLIGGGMLVWHSHLPSWVSSITDKETLTNVMKNHITTLMTRYKGKIRVWDVVGSAFNEDGSLRQTVFLNVIGEDYIKIAFQTARAADPNAKLYIADSNLDSASYPKTQAIVNRVKQWRAAGVPIDGIGSMTNLSAGQGAGVLQALPLLASAGTPEVSILMLDVAGASPTDYVNVVNACLNVQSCVGITSFGVADPDSWRASTTPLLFDGNFNPKPAYNAIVQDLQQGSIEGRGHHHHHH,0.623810152,-10.540524,-2.8156922
46,MAEAAQSVDQLMKARGKVYFGVATDQNRLTTGKNAAIIQADFGMVWPENSLQWDAVEPSQGNFNFAGADYVVNWAQQNGKLIGGGMLVWHSHLPSWVSSITDKNTLINVMKNHITTLMTRYKGKIRTWDVVGEAFNEDGSLRQNVFLNVIGEDYIKIAFQTARAADPNAKLYIADSNLDSASYPKTQAIVNRVKQWRAAGVPIDGIGSMTNLSAGQGAGVLQALPLLASAGTPEVSILMLDVAGASPTDYVNVVNACLNVQSCVGITSFGVADPDSWRASTTPLLFDGNFNPKPAYNAIVQDLQQGSIEGRGHHHHHH,0.6230974689075655,-2.6796224,-4.8533926
47,MAEAAQSVDQLMKARGKVYFGVATDQNRLTTGKNAAIIKADFGMVWPEESMQWDAVEPSQGNFNFAGADYVVNWAQQNGKLIGGGMLVWHSHLPSWVSSITDKETLINVMKNHITTLMTRYKGKIRTWDVVGSAFNEDGSLRQTVFLNVIGEDYIKIAFQTARAADPNAKLYIADSNLDSASYPKTQAIVNRVKQWRAAGVPIDGIGSMTNLSAGQGAGVLQALPLLASAGTPEVSILMLDVAGASPTDYVNVVNACLNVQSCVGITSFGVADPDSWRASTTPLLFDGNFNPKPAYNAIVQNLQQGSIEGRGHHHHHH,0.6203057415919135,-7.9437323,-1.3723482
48,MAEAAQSIDQLIKARGKVYFGVATDQNRLTTGKNAAIIKADFGMVWPENSLQWDAVEPSQGNFNFAGADYVVNWAQQNGKLIGGGMLVWHSHLPSWVSSITDKETLINVMKNHITTLMTRYKGKIRTWDVVGEAFNEDGSLRQNVFLNVIGEDYIKIAFQTARAADPNAKLYIADSNLDSASYPKTQAIVNKVKQWRAAGVPIDGIGSMTNLSAGQGAGVLQALPLLASAGTPEVSILMLDVAGASPTDYVNVVNACLNVQSCVGITSFGVADPDSWRASTTPLLFDGNFNPKPAYNAIVQDLQQGSIEGRGHHHHHH,0.6195071973613655,-2.8018339,-1.4639779
49,MAEAAQSIDQLIKARGKVYFGVATDQNRLTTGKNAAIIKADFGMVWPEESMQWDATEPSQGNFNFAGADYLVNWAQQNGKLIGAGCLVWHNFLPSWVSSITDKNTLINVMKNHITTLMTRYKGKIRTWDVVGEAFNEDGSLRQNVFLNVIGEDYIKIAFQTARAADPNAKLYIMDYNLDSASYPKTQAIVNRVKQWRAAGVPIDGIGSQMHLSAGQGAGVLQALPLLASAGTPEVSILMLDVAGASPTDYVNVVNACLNVQSCVGITVMGVADPDSAFASSTPLLFDGNFNPKPAYNAIVQNLQQGSIEGRGHHHHHH,0.6111768879962192,15.244712,3.5552928
50,MAEAAQSVDQLMKARGKVYFGVATDQNRLTTGKNAAIIKADFGMVWPEESMQWDAVEPSQGNFNFAGADYVVNWAQQNGKLIGGGMLVWHSHLPSWVSSITDKETLTNVMKNHITTLMTRYKGKIRVWDVVGSAFNEDGSLRQTVFLNVIGEDYIKIAFQTARAADPNAKLYIADSNLDSASYPKTQAIVNKVKQWRAAGVPIDGIGSMTNLSAGQGAGVLQALPLLASAGTPEVSILMLDVAGASPTDYVNVVNACLNVQSCVGITSFGVADPDSWRASTTPLLFDGNFNPKPAYNAIVQDLQQGSIEGRGHHHHHH,0.5968057739936151,-9.750264,-2.3914855
51,MAEAAQSVDQLMKARGKVYFGVATDQNRLTTGKNAAIIQADFGMVWPENSLQWDAVEPSQGNFNFAGADYVVNWAQQNGKLIGGGMLVWHSHLPSWVSSITDKETLTNVMKNHITTLMTRYKGKIRVWDVVGEAFNEDGSLRQNVFLNVIGEDYIKIAFQTARAADPNAKLYIADSNLDSASYPKTQAIVNKVKQWRAAGVPIDGIGSMTNLSAGQGAGVLQALPLLASAGTPEVSILMLDVAGASPTDYVNVVNACLNVQSCVGITSFGVADPDSWRASTTPLLFDGNFNPKPAYNAIVQDLQQGSIEGRGHHHHHH,0.5934746784169966,-5.7405953,-3.9465377
52,MAEAAQSVDQLMKARGKVYFGVATDQNRLTTGKNAAIIQADFGMVWPENSLQWDATEPSQGNFNFAGADYLVNWAQQNGKLIGGGMLVWHSHLPSWVSSITDKETLTNVMKNHITTLMTRYKGKIRVWDVVGSAFNEDGSLRQTVFLNVIGEDYIKIAFQTARAADPNAKLYIADSNLDSASYPKTQAIVNKVKQWRAAGVPIDGIGSMTNLSAGQGAGVLQALPLLASAGTPEVSILMLDVAGASPTDYVNVVNACLNVQSCVGITSFGVADPDSWRASTTPLLFDGNFNPKPAYNAIVQDLQQGSIEGRGHHHHHH,0.5928083206545568,-9.03643,-1.0942414
53,MAEAAQSVDQLMKARGKVYFGVATDQNRLTTGKNAAIIQADFGMVWPENSLQWDAVEPSQGNFNFAGADYVVNWAQQNGKLIGGGMLVWHSHLPSWVSSITDKETLTNVMKNHITTLMTRYKGKIRTWDVVGEAFNEDGSLRQNVFLNVIGEDYIKIAFQTARAADPNAKLYIADSNLDSASYPKTQAIVNKVKQWRAAGVPIDGIGSMTNLSAGQGAGVLQALPLLASAGTPEVSILMLDVAGASPTDYVNVVNACLNVQSCVGITSFGVADPDSWRASTTPLLFDGNFNPKPAYNAIVQDLQQGSIEGRGHHHHHH,0.5827231844197535,-6.23736,-4.71349
54,MAEAAQSVDQLMKARGKVYFGVATDQNRLTTGKNAAIIKADFGMVWPENSLQWDAVEPSQGNFNFAGADYVVNWAQQNGKLIGGGMLVWHSHLPSWVSSITDKETLTNVMKNHITTLMTRYKGKIRTWDVVGSAFNEDGSLRQTVFLNVIGEDYIKIAFQTARAADPNAKLYIADSNLDSASYPKTQAIVNKVKQWRAAGVPIDGIGSMTNLSAGQGAGVLQALPLLASAGTPEVSILMLDVAGASPTDYVNVVNACLNVQSCVGITSFGVADPDSWRASTTPLLFDGNFNPKPAYNAIVQNLQQGSIEGRGHHHHHH,0.5778220642516406,-9.326827,-2.1266463
55,MAEAAQSVDQLMKARGKVYFGVATDQNRLTTGKNAAIIKADFGMVWPENSLQWDATEPSQGNFNFAGADYVVNWAQQNGKLIGGGMLVWHSHLPSWVSSITDKNTLINVMKNHITTLMTRYKGKIRVWDVVGSAFNEDGSLRQTVFLNVIGEDYIKIAFQTARAADPNAKLYIADSNLDSASYPKTQAIVNKVKQWRAAGVPIDGIGSMTNLSAGQGAGVLQALPLLASAGTPEVSILMLDVAGASPTDYVNVVNACLNVQSCVGITSFGVADPDSWRASTTPLLFDGNFNPKPAYNAIVQNLQQGSIEGRGHHHHHH,0.5754592991907418,-4.8005276,-1.3883376
56,MAEAAQSVDQLMKARGKVYFGVATDQNRLTTGKNAAIIQADFGMVWPENSLQWDAVEPSQGNFNFAGADYVVNWAQQNGKLIGGGMLVWHSHLPSWVSSITDKETLTNVMKNHITTLMTRYKGKIRTWDVVGEAFNEDGSLRQTVFLNVIGEDYIKIAFQTARAADPNAKLYIADSNLDSASYPKTQAIVNKVKQWRAAGVPIDGIGSQMHLSAGQGAGVLQALPLLASAGTPEVSILMLDVAGASPTDYVNVVNACLNVQSCVGITVMGVADPDSAFASSTPLLFDGNFNPKPAYNAIVQDLQQGSIEGRGHHHHHH,0.5632619753967518,-0.73204243,0.2886817
57,MAEAAQSVDQLMKARGKVYFGVATDQNRLTTGKNAAIIKADFGMVWPEESMQWDATEPSQGNFNFAGADYLVNWAQQNGKLIGAGCLVWHNFLPSWVSSITDKNTLINVMKNHITTLMTRYKGKIRTWDVVGEAFNEDGSLRQNVFLNVIGEDYIPIAFQTARAADPNAKLYIMDYNLDSASYPKTQAIVNRVKQWRAAGVPIDGIGSQMHLSAGQGAGVLQALPLLASAGTPEVSILMLDVAGASPTDYVNVVNACLNVQSCVGITVMGVADPDSAFASSTPLLFDGNFNPKPAYNAIVQDLQQGSIEGRGHHHHHH,0.5593791681802806,12.798935,0.58268654
58,MAEAAQSVDQLMKARGKVYFGVATDQNRLTTGKNAAIIKADFGMVWPEESMQWDATEPSQGNFNFAGADYVVNWAQQNGKLIGGGMLVWHSHLPSWVSSITDKNTLINVMKNHITTLMTRYKGKIRTWDVVGEAFNEDGSLRQNVFLNVIGEDYIPIAFQTARAADPNAKLYIADSNLDSASYPKTQAIVNRVKQWRAAGVPIDGIGSQMHLSAGQGAGVLQALPLLASAGTPEVSILMLDVAGASPTDYVNVVNACLNVQSCVGITVMGVADPDSWRASTTPLLFDGNFNPKPAYNAIVQNLQQGSIEGRGHHHHHH,0.5567741060547019,4.4644017,-3.9648142
59,MAEAAQSVDQLMKARGKVYFGVATDQNRLTTGKNAAIIQADFGMVWPENSLQWDAVEPSQGNFNFAGADYVVNWAQQNGKLIGGGMLVWHSHLPSWVSSITDKETLTNVMKNHITTLMTRYKGKIRVWDVVGSAFNEDGSLRQTVFLNVIGEDYIKIAFQTARAADPNAKLYIADSNLDSASYPKTQAIVNKVKQWRAAGVPIDGIGSMTNLSAGQGAGVLQALPLLASAGTPEVSILMLDVAGASPTDYVNVVNACLNVQSCVGITVMGVADPDSAFASTTPLLFDGNFNPKPAYNAIVQDLQQGSIEGRGHHHHHH,0.5567398164031546,-8.524877,5.872037
60,MAEAAQSVDQLMKARGKVYFGVATDQNRLTTGKNAAIIQADFGMVWPENSLQWDAVEPSQGNFNFAGADYVVNWAQQNGKLIGGGMLVWHNFLPSWVSSITDKETLINVMKNHITTLMTRYKGKIRTWDVVGEAFNEDGSLRQTVFLNVIGEDYIKIAFQTARAADPNAKLYIADSNLDSASYPKTQAIVNKVKQWRAAGVPIDGIGSMTNLSAGQGAGVLQALPLLASAGTPEVSILMLDVAGASPTDYVNVVNACLNVQSCVGITSFGVADPDSWRASTTPLLFDGNFNPKPAYNAIVQDLQQGSIEGRGHHHHHH,0.5538620506264749,-3.9513688,-3.6365469
61,MAEAAQSIDQLIKARGKVYFGVATDQNRLTTGKNAAIIKADFGMVWPEESMQWDAVEPSQGNFNFAGADYVVNWAQQNGKLIGAGCLVWHNFLPSWVSSITDKNTLTNVMKNHITTLMTRYKGKIRTWDVVGEAFNEDGSLRQNVFLNVIGEDYIPIAFQTARAADPNAKLYIMDYNLDSASYPKTQAIVNRVKQWRAAGVPIDGIGSQMHLSAGQGAGVLQALPLLASAGTPEVSILMLDVAGASPTDYVNVVNACLNVQSCVGITVMGVADPDSAFASSTPLLFDGNFNPKPAYNAIVQNLQQGSIEGRGHHHHHH,0.5492137090276394,14.314593,1.8893911
62,MAEAAQSVDQLMKARGKVYFGVATDQNRLTTGKNAAIIQADFGMVWPENSLQWDAVEPSQGNFNFAGADYVVNWAQQNGKLIGGGMLVWHSHLPSWVSSITDKETLINVMKNHITTLMTRYKGKIRVWDVVGSAFNEDGSLRQTVFLNVIGEDYIPIAFQTARAADPNAKLYIADSNLDSASYPKTQAIVNRVKQWRAAGVPIDGIGSMTNLSAGQGAGVLQALPLLASAGTPEVSILMLDVAGASPTDYVNVVNACLNVQSCVGITSFGVADPDSWRASTTPLLFDGNFNPKPAYNAIVQNLQQGSIEGRGHHHHHH,0.5443259047380903,-7.318894,-0.4325192
63,MAEAAQSVDQLMKARGKVYFGVATDQNRLTTGKNAAIIQADFGMVWPENSLQWDAVEPSQGNFNFAGADYLVNWAQQNGKLIGGGMLVWHSHLPSWVSSITDKETLTNVMKNHITTLMTRYKGKIRTWDVVGEAFNEDGSLRQNVFLNVIGEDYIPIAFQTARAADPNAKLYIADSNLDSASYPKTQAIVNKVKQWRAAGVPIDGIGSMTNLSAGQGAGVLQALPLLASAGTPEVSILMLDVAGASPTDYVNVVNACLNVQSCVGITSFGVADPDSWRASTTPLLFDGNFNPKPAYNAIVQDLQQGSIEGRGHHHHHH,0.5237414520814135,-4.6748652,-3.8124125
64,MAEAAQSIDQLIKARGKVYFGVATDQNRLTTGKNAAIIKADFGMVWPEESMQWDATEPSQGNFNFAGADYVVNWAQQNGKLIGGGMLVWHSHLPSWVSSITDKETLTNVMKNHITTLMTRYKGKIRVWDVVGSAFNEDGSLRQNVFLNVIGEDYIKIAFQTARAADPNAKLYIADSNLDSASYPKTQAIVNKVKQWRAAGVPIDGIGSMTNLSAGQGAGVLQALPLLASAGTPEVSILMLDVAGASPTDYVNVVNACLNVQSCVGITSFGVADPDSWRASTTPLLFDGNFNPKPAYNAIVQDLQQGSIEGRGHHHHHH,0.5162337028856012,-7.154271,-0.04699903
65,MAEAAQSVDQLMKARGKVYFGVATDQNRLTTGKNAAIIQADFGMVWPENSLQWDAVEPSQGNFNFAGADYVVNWAQQNGKLIGGGMLVWHSHLPSWVSSITDKETLTNVMKNHITTLMTRYKGKIRVWDVVGSAFNEDGSLRQTVFLNVIGEDYIKIAFQTARAADPNAKLYIADSNLDSASYPKTQAIVNRVKQWRAAGVPIDGIGSMTNLSAGQGAGVLQALPLLASAGTPEVSILMLDVAGASPTDYVNVVNACLNVQSCVGITVMGVADPDSAFASSTPLLFDGNFNPKPAYNAIVQNLQQGSIEGRGHHHHHH,0.4868038234625221,-7.5197153,6.632385
66,MAEAAQSVDQLMKARGKVYFGVATDQNRLTTGKNAAIIQADFGMVWPENSLQWDAVEPSQGNFNFAGADYLVNWAQQNGKLIGAGCLVWHNFLPSWVSSITDKNTLINVMKNHITTLMTRYKGKIRTWDVVGSAFNEDGSLRQTVFLNVIGEDYIKIAFQTARAADPNAKLYIMDYNLDSASYPKTQAIVNKVKQWRAAGVPIDGIGSMTNLSAGQGAGVLQALPLLASAGTPEVSILMLDVAGASPTDYVNVVNACLNVQSCVGITSFGVADPDSWRASTTPLLFDGNFNPKPAYNAIVQDLQQGSIEGRGHHHHHH,0.4844838277062752,4.309356,-0.88305104
67,MAEAAQSVDQLMKARGKVYFGVATDQNRLTTGKNAAIIQADFGMVWPENSLQWDAVEPSQGNFNFAGADYVVNWAQQNGKLIGGGMLVWHSHLPSWVSSITDKNTLINVMKNHITTLMTRYKGKIRTWDVVGEAFNEDGSLRQNVFLNVIGEDYIKIAFQTARAADPNAKLYIADSNLDSASYPKTQAIVNKVKQWRAAGVPIDGIGSMTNLSAGQGAGVLQALPLLASAGTPEVSILMLDVAGASPTDYVNVVNACLNVQSCVGITSFGVADPDSWRASTTPLLFDGNFNPKPAYNAIVQDLQQGSIEGRGHHHHHH,0.4839546127899166,-2.0329742,-4.508615
68,MAEAAQSVDQLMKARGKVYFGVATDQNRLTTGKNAAIIQADFGMVWPENSLQWDAVEPSQGNFNFAGADYVVNWAQQNGKLIGGGMLVWHNFLPSWVSSITDKNTLINVMKNHITTLMTRYKGKIRVWDVVGSAFNEDGSLRQTVFLNVIGEDYIKIAFQTARAADPNAKLYIADSNLDSASYPKTQAIVNKVKQWRAAGVPIDGIGSMTNLSAGQGAGVLQALPLLASAGTPEVSILMLDVAGASPTDYVNVVNACLNVQSCVGITSFGVADPDSWRASTTPLLFDGNFNPKPAYNAIVQNLQQGSIEGRGHHHHHH,0.4729268527484943,-3.2915535,-0.56471914
69,MAEAAQSVDQLMKARGKVYFGVATDQNRLTTGKNAAIIQADFGMVWPENSLQWDAVEPSQGNFNFAGADYVVNWAQQNGKLIGGGMLVWHSHLPSWVSSITDKETLTNVMKNHITTLMTRYKGKIRVWDVVGSAFNEDGSLRQTVFLNVIGEDYIKIAFQTARAADPNAKLYIADSNLDSASYPKTQAIVNKVKQWRAAGVPIDGIGSMTNLSAGQGAGVLQALPLLASAGTPEVSILMLDVAGASPTDYVNVVNACLNVQSCVGITVMGVADPDSAFASSTPLLFDGNFNPKPAYNAIVQDLQQGSIEGRGHHHHHH,0.47072744,-8.4784565,5.8617015
70,MAEAAQSIDQLIKARGKVYFGVATDQNRLTTGKNAAIIKADFGMVWPEESMQWDATEPSQGNFNFAGADYVVNWAQQNGKLIGAGCLVWHSHLPSWVSSITDKETLTNVMKNHITTLMTRYKGKIRTWDVVGEAFNEDGSLRQNVFLNVIGEDYIPIAFQTARAADPNAKLYIMDYNLDSASYPKTQAIVNKVKQWRAAGVPIDGIGSMTNLSAGQGAGVLQALPLLASAGTPEVSILMLDVAGASPTDYVNVVNACLNVQSCVGITSFGVADPDSWRASTTPLLFDGNFNPKPAYNAIVQDLQQGSIEGRGHHHHHH,0.442549965,4.847193,-3.0333073
71,MAEAAQSVDQLMKARGKVYFGVATDQNRLTTGKNAAIIKADFGMVWPENSLQWDAVEPSQGNFNFAGADYVVNWAQQNGKLIGGGMLVWHSHLPSWVSSITDKETLTNVMKNHITTLMTRYKGKIRVWDVVGSAFNEDGSLRQTVFLNVIGEDYIKIAFQTARAADPNAKLYIADSNLDSASYPKTQAIVNKVKQWRAAGVPIDGIGSMTNLSAGQGAGVLQALPLLASAGTPEVSILMLDVAGASPTDYVNVVNACLNVQSCVGITVMGVADPDSAFASSTPLLFDGNFNPKPAYNAIVQDLQQGSIEGRGHHHHHH,0.4421042179666506,-8.833627,5.533127
72,MAEAAQSVDQLMKARGKVYFGVATDQNRLTTGKNAAIIQADFGMVWPENSLQWDAVEPSQGNFNFAGADYLVNWAQQNGKLIGAGCLVWHNFLPSWVSSITDKNTLINVMKNHITTLMTRYKGKIRTWDVVGEAFNEDGSLRQNVFLNVIGEDYIPIAFQTARAADPNAKLYIMDYNLDSASYPKTQAIVNRVKQWRAAGVPIDGIGSQMHLSAGQGAGVLQALPLLASAGTPEVSILMLDVAGASPTDYVNVVNACLNVQSCVGITSFGVADPDSAFASSTPLLFDGNFNPKPAYNAIVQNLQQGSIEGRGHHHHHH,0.4407117396418196,13.239037,-1.1375737
73,MAEAAQSVDQLMKARGKVYFGVATDQNRLTTGKNAAIIQADFGMVWPENSLQWDAVEPSQGNFNFAGADYVVNWAQQNGKLIGGGMLVWHNFLPSWVSSITDKNTLINVMKNHITTLMTRYKGKIRTWDVVGEAFNEDGSLRQNVFLNVIGEDYIPIAFQTARAADPNAKLYIADSNLDSASYPKTQAIVNRVKQWRAAGVPIDGIGSQMHLSAGQGAGVLQALPLLASAGTPEVSILMLDVAGASPTDYVNVVNACLNVQSCVGITVMGVADPDSAFASSTPLLFDGNFNPKPAYNAIVQDLQQGSIEGRGHHHHHH,0.4363972364925862,4.481574,0.24721749
74,MAEAAQSIDQLIKARGKVYFGVATDQNRLTTGKNAAIIQADFGMVWPENSLQWDAVEPSQGNFNFAGADYVVNWAQQNGKLIGGGMLVWHSHLPSWVSSITDKETLTNVMKNHITTLMTRYKGKIRVWDVVGSAFNEDGSLRQTVFLNVIGEDYIKIAFQTARAADPNAKLYIADSNLDSASYPKTQAIVNKVKQWRAAGVPIDGIGSMTNLSAGQGAGVLQALPLLASAGTPEVSILMLDVAGASPTDYVNVVNACLNVQSCVGITVMGVADPDSAFASSTPLLFDGNFNPKPAYNAIVQNLQQGSIEGRGHHHHHH,0.4249638187381693,-4.3203073,9.533144
75,MAEAAQSIDQLIKARGKVYFGVATDQNRLTTGKNAAIIQADFGMVWPENSLQWDAVEPSQGNFNFAGADYVVNWAQQNGKLIGGGMLVWHSHLPSWVSSITDKETLTNVMKNHITTLMTRYKGKIRVWDVVGSAFNEDGSLRQTVFLNVIGEDYIKIAFQTARAADPNAKLYIADSNLDSASYPKTQAIVNKVKQWRAAGVPIDGIGSQMHLSAGQGAGVLQALPLLASAGTPEVSILMLDVAGASPTDYVNVVNACLNVQSCVGITSFGVADPDSWRASTTPLLFDGNFNPKPAYNAIVQDLQQGSIEGRGHHHHHH,0.4219652710545105,-2.9359906,-2.1536286
76,MAEAAQSIDQLIKARGKVYFGVATDQNRLTTGKNAAIIQADFGMVWPENSLQWDAVEPSQGNFNFAGADYVVNWAQQNGKLIGGGMLVWHSHLPSWVSSITDKETLTNVMKNHITTLMTRYKGKIRVWDVVGEAFNEDGSLRQNVFLNVIGEDYIKIAFQTARAADPNAKLYIADSNLDSASYPKTQAIVNKVKQWRAAGVPIDGIGSMTNLSAGQGAGVLQALPLLASAGTPEVSILMLDVAGASPTDYVNVVNACLNVQSCVGITVMGVADPDSAFASSTPLLFDGNFNPKPAYNAIVQDLQQGSIEGRGHHHHHH,0.3972409576692957,-1.748157,6.41929
77,MAEAAQSVDQLMKARGKVYFGVATDQNRLTTGKNAAIIQADFGMVWPENSLQWDAVEPSQGNFNFAGADYVVNWAQQNGKLIGGGMLVWHSHLPSWVSSITDKETLTNVMKNHITTLMTRYKGKIRVWDVVGSAFNEDGSLRQTVFLNVIGEDYIKIAFQTARAADPNAKLYIADSNLDSASYPKTQAIVNRVKQWRAAGVPIDGIGSQMHLSAGQGAGVLQALPLLASAGTPEVSILMLDVAGASPTDYVNVVNACLNVQSCVGITSFGVADPDSWRASTTPLLFDGNFNPKPAYNAIVQDLQQGSIEGRGHHHHHH,0.3860561566789693,-6.2335377,-5.030961
78,MAEAAQSVDQLMKARGKVYFGVATDQNRLTTGKNAAIIQADFGMVWPEESMQWDATEPSQGNFNFAGADYVVNWAQQNGKLIGGGMLVWHSHLPSWVSSITDKETLTNVMKNHITTLMTRYKGKIRTWDVVGEAFNEDGSLRQTVFLNVIGEDYIKIAFQTARAADPNAKLYIADSNLDSASYPKTQAIVNKVKQWRAAGVPIDGIGSMTNLSAGQGAGVLQALPLLASAGTPEVSILMLDVAGASPTDYVNVVNACLNVQSCVGITVMGVADPDSWRASTTPLLFDGNFNPKPAYNAIVQDLQQGSIEGRGHHHHHH,0.3855273537719209,-5.1965823,-1.8038509
79,MAEAAQSVDQLMKARGKVYFGVATDQNRLTTGKNAAIIQADFGMVWPENSLQWDAVEPSQGNFNFAGADYVVNWAQQNGKLIGGGMLVWHSHLPSWVSSITDKETLTNVMKNHITTLMTRYKGKIRVWDVVGSAFNEDGSLRQTVFLNVIGEDYIKIAFQTARAADPNAKLYIADSNLDSASYPKTQAIVNKVKQWRAAGVPIDGIGSMTNLSAGQGAGVLQALPLLASAGTPEVSILMLDVAGASPTDYVNVVNACLNVQSCVGITSFGVADPDSAFASTTPLLFDGNFNPKPAYNAIVQDLQQGSIEGRGHHHHHH,0.3851475621192562,-9.757059,2.0788393
80,MAEAAQSVDQLMKARGKVYFGVATDQNRLTTGKNAAIIQADFGMVWPENSLQWDAVEPSQGNFNFAGADYVVNWAQQNGKLIGGGMLVWHSHLPSWVSSITDKETLTNVMKNHITTLMTRYKGKIRVWDVVGSAFNEDGSLRQTVFLNVIGEDYIKIAFQTARAADPNAKLYIADSNLDSASYPKTQAIVNKVKQWRAAGVPIDGIGSMTNLSAGQGAGVLQALPLLASAGTPEVSILMLDVAGASPTDYVNVVNACLNVQSCVGITSFGVADPDSAFASSTPLLFDGNFNPKPAYNAIVQDLQQGSIEGRGHHHHHH,0.3815250879450745,-9.72727,2.0709753
81,MAEAAQSIDQLIKARGKVYFGVATDQNRLTTGKNAAIIKADFGMVWPENSLQWDAVEPSQGNFNFAGADYVVNWAQQNGKLIGGGMLVWHSHLPSWVSSITDKETLTNVMKNHITTLMTRYKGKIRVWDVVGSAFNEDGSLRQTVFLNVIGEDYIKIAFQTARAADPNAKLYIADSNLDSASYPKTQAIVNKVKQWRAAGVPIDGIGSMTNLSAGQGAGVLQALPLLASAGTPEVSILMLDVAGASPTDYVNVVNACLNVQSCVGITVFGVADPDSWRASTTPLLFDGNFNPKPAYNAIVQDLQQGSIEGRGHHHHHH,0.3811967045251208,-6.980207,1.2770426
82,MAEAAQSVDQLMKARGKVYFGVATDQNRLTTGKNAAIIQADFGMVWPENSLQWDAVEPSQGNFNFAGADYVVNWAQQNGKLIGGGMLVWHSHLPSWVSSITDKNTLTNVMKNHITTLMTRYKGKIRVWDVVGEAFNEDGSLRQNVFLNVIGEDYIPIAFQTARAADPNAKLYIADSNLDSASYPKTQAIVNRVKQWRAAGVPIDGIGSQMHLSAGQGAGVLQALPLLASAGTPEVSILMLDVAGASPTDYVNVVNACLNVQSCVGITSFGVADPDSWRASTTPLLFDGNFNPKPAYNAIVQDLQQGSIEGRGHHHHHH,0.3794300366552968,1.142291,-7.9247108
83,MAEAAQSVDQLMKARGKVYFGVATDQNRLTTGKNAAIIKADFGMVWPEESMQWDATEPSQGNFNFAGADYLVNWAQQNGKLIGGGMLVWHSHLPSWVSSITDKETLTNVMKNHITTLMTRYKGKIRVWDVVGSAFNEDGSLRQTVFLNVIGEDYIKIAFQTARAADPNAKLYIADSNLDSASYPKTQAIVNKVKQWRAAGVPIDGIGSMTNLSAGQGAGVLQALPLLASAGTPEVSILMLDVAGASPTDYVNVVNACLNVQSCVGITSFGVADPDSWRASTTPLLFDGNFNPKPAYNAIVQDLQQGSIEGRGHHHHHH,0.3648589048524235,-9.0505495,-1.6856877
84,MAEAAQSIDQLIKARGKVYFGVATDQNRLTTGKNAAIIKADFGMVWPEESMQWDATEPSQGNFNFAGADYVVNWAQQNGKLIGAGCLVWHNFLPSWVSSITDKNTLINVMKNHITTLMTRYKGKIRTWDVVGEAFNEDGSLRQNVFLNVIGEDYIPIAFQTARAADPNAKLYIMDYNLDSASYPKTQAIVNRVKQWRAAGVPIDGIGSMTNLSAGQGAGVLQALPLLASAGTPEVSILMLDVAGASPTDYVNVVNACLNVQSCVGITVMGVADPDSAFASSTPLLFDGNFNPKPAYNAIVQNLQQGSIEGRGHHHHHH,0.3587317362984971,10.870505,4.6750474
85,MAEAAQSVDQLMKARGKVYFGVATDQNRLTTGKNAAIIKADFGMVWPENSLQWDAVEPSQGNFNFAGADYVVNWAQQNGKLIGGGMLVWHSHLPSWVSSITDKETLTNVMKNHITTLMTRYKGKIRVWDVVGSAFNEDGSLRQTVFLNVIGEDYIKIAFQTARAADPNAKLYIADSNLDSASYPKTQAIVNKVKQWRAAGVPIDGIGSMTNLSAGQGAGVLQALPLLASAGTPEVSILMLDVAGASPTDYVNVVNACLNVQSCVGITSFGVADPDSAFASSTPLLFDGNFNPKPAYNAIVQNLQQGSIEGRGHHHHHH,0.3560955712521485,-8.513021,2.8032053
86,MAEAAQSVDQLMKARGKVYFGVATDQNRLTTGKNAAIIKADFGMVWPEESMQWDATEPSQGNFNFAGADYVVNWAQQNGKLIGGGMLVWHSHLPSWVSSITDKETLTNVMKNHITTLMTRYKGKIRVWDVVGSAFNEDGSLRQTVFLNVIGEDYIPIAFQTARAADPNAKLYIADSNLDSASYPKTQAIVNKVKQWRAAGVPIDGIGSMTNLSAGQGAGVLQALPLLASAGTPEVSILMLDVAGASPTDYVNVVNACLNVQSCVGITVMGVADPDSWRASTTPLLFDGNFNPKPAYNAIVQDLQQGSIEGRGHHHHHH,0.3423739199370413,-8.569027,0.643993
87,MAEAAQSVDQLMKARGKVYFGVATDQNRLTTGKNAAIIQADFGMVWPENSLQWDAVEPSQGNFNFAGADYVVNWAQQNGKLIGGGMLVWHSHLPSWVSSITDKETLTNVMKNHITTLMTRYKGKIRVWDVVGSAFNEDGSLRQTVFLNVIGEDYIKIAFQTARAADPNAKLYIADSNLDSASYPKTQAIVNKVKQWRAAGVPIDGIGSQMHLSAGQGAGVLQALPLLASAGTPEVSILMLDVAGASPTDYVNVVNACLNVQSCVGITVMGVADPDSAFASSTPLLFDGNFNPKPAYNAIVQDLQQGSIEGRGHHHHHH,0.3399619602338914,-4.014337,3.1703408
88,MAEAAQSVDQLMKARGKVYFGVATDQNRLTTGKNAAIIQADFGMVWPEESMQWDATEPSQGNFNFAGADYLVNWAQQNGKLIGGGMLVWHSHLPSWVSSITDKETLTNVMKNHITTLMTRYKGKIRVWDVVGSAFNEDGSLRQTVFLNVIGEDYIKIAFQTARAADPNAKLYIADSNLDSASYPKTQAIVNKVKQWRAAGVPIDGIGSMTNLSAGQGAGVLQALPLLASAGTPEVSILMLDVAGASPTDYVNVVNACLNVQSCVGITSFGVADPDSWRASTTPLLFDGNFNPKPAYNAIVQDLQQGSIEGRGHHHHHH,0.3388183231591103,-8.71289,-1.3847208
89,MAEAAQSVDQLMKARGKVYFGVATDQNRLTTGKNAAIIQADFGMVWPENSLQWDAVEPSQGNFNFAGADYVVNWAQQNGKLIGGGMLVWHSHLPSWVSSITDKNTLTNVMKNHITTLMTRYKGKIRVWDVVGSAFNEDGSLRQTVFLNVIGEDYIKIAFQTARAADPNAKLYIADSNLDSASYPKTQAIVNKVKQWRAAGVPIDGIGSMTNLSAGQGAGVLQALPLLASAGTPEVSILMLDVAGASPTDYVNVVNACLNVQSCVGITVMGVADPDSAFASSTPLLFDGNFNPKPAYNAIVQDLQQGSIEGRGHHHHHH,0.337585766,-5.937237,4.9215384
90,MAEAAQSIDQLIKARGKVYFGVATDQNRLTTGKNAAIIKADFGMVWPEESMQWDATEPSQGNFNFAGADYVVNWAQQNGKLIGGGMLVWHSHLPSWVSSITDKETLTNVMKNHITTLMTRYKGKIRVWDVVGSAFNEDGSLRQTVFLNVIGEDYIKIAFQTARAADPNAKLYIADSNLDSASYPKTQAIVNKVKQWRAAGVPIDGIGSMTNLSAGQGAGVLQALPLLASAGTPEVSILMLDVAGASPTDYVNVVNACLNVQSCVGITSFGVADPDSAFASSTPLLFDGNFNPKPAYNAIVQDLQQGSIEGRGHHHHHH,0.3344038684783935,-7.0809765,3.7549236
91,MAEAAQSVDQLMKARGKVYFGVATDQNRLTTGKNAAIIKADFGMVWPEESMQWDATEPSQGNFNFAGADYVVNWAQQNGKLIGGGMLVWHSHLPSWVSSITDKETLTNVMKNHITTLMTRYKGKIRVWDVVGSAFNEDGSLRQNVFLNVIGEDYIKIAFQTARAADPNAKLYIADSNLDSASYPKTQAIVNKVKQWRAAGVPIDGIGSMTNLSAGQGAGVLQALPLLASAGTPEVSILMLDVAGASPTDYVNVVNACLNVQSCVGITVMGVADPDSAFASSTPLLFDGNFNPKPAYNAIVQDLQQGSIEGRGHHHHHH,0.3332953170006558,-8.145336,5.397279
92,MAEAAQSVDQLIKARGKVYFGVATDQNRLTTGKNAAIIQADFGMVWPENSLQWDATEPSQGNFNFAGADYVVNWAQQNGKLIGGGMLVWHSHLPSWVSSITDKETLTNVMKNHITTLMTRYKGKIRVWDVVGSAFNEDGSLRQTVFLNVIGEDYIKIAFQTARAADPNAKLYIADSNLDSASYPKTQAIVNRVKQWRAAGVPIDGIGSMTNLSAGQGAGVLQALPLLASAGTPEVSILMLDVAGASPTDYVNVVNACLNVQSCVGITVMGVADPDSAFASTTPLLFDGNFNPKPAYNAIVQNLQQGSIEGRGHHHHHH,0.332355011,-7.010689,7.1432047
93,MAEAAQSVDQLMKARGKVYFGVATDQNRLTTGKNAAIIQADFGMVWPEESMQWDAVEPSQGNFNFAGADYVVNWAQQNGKLIGGGMLVWHSHLPSWVSSITDKETLTNVMKNHITTLMTRYKGKIRVWDVVGSAFNEDGSLRQTVFLNVIGEDYIKIAFQTARAADPNAKLYIADSNLDSASYPKTQAIVNKVKQWRAAGVPIDGIGSMTNLSAGQGAGVLQALPLLASAGTPEVSILMLDVAGASPTDYVNVVNACLNVQSCVGITVMGVADPDSAFASTTPLLFDGNFNPKPAYNAIVQDLQQGSIEGRGHHHHHH,0.3284995079153912,-7.901979,5.733352
94,MAEAAQSVDQLIKARGKVYFGVATDQNRLTTGKNAAIIQADFGMVWPEESMQWDATEPSQGNFNFAGADYVVNWAQQNGKLIGAGCLVWHNFLPSWVSSITDKNTLINVMKNHITTLMTRYKGKIRTWDVVGEAFNEDGSLRQNVFLNVIGEDYIPIAFQTARAADPNAKLYIMDYNLDSASYPKTQAIVNKVKQWRAAGVPIDGIGSMTNLSAGQGAGVLQALPLLASAGTPEVSILMLDVAGASPTDYVNVVNACLNVQSCVGITVMGVADPDSAFASSTPLLFDGNFNPKPAYNAIVQNLQQGSIEGRGHHHHHH,0.3257171597717496,10.60017,4.0730877
95,MAEAAQSVDQLMKARGKVYFGVATDQNRLTTGKNAAIIKADFGMVWPEESMQWDATEPSQGNFNFAGADYVVNWAQQNGKLIGGGMLVWHSHLPSWVSSITDKNTLINVMKNHITTLMTRYKGKIRVWDVVGSAFNEDGSLRQNVFLNVIGEDYIKIAFQTARAADPNAKLYIADSNLDSASYPKTQAIVNKVKQWRAAGVPIDGIGSMTNLSAGQGAGVLQALPLLASAGTPEVSILMLDVAGASPTDYVNVVNACLNVQSCVGITVMGVADPDSAFASSTPLLFDGNFNPKPAYNAIVQDLQQGSIEGRGHHHHHH,0.3185891252865938,-4.2625422,5.4377966
96,MAEAAQSVDQLMKARGKVYFGVATDQNRLTTGKNAAIIQADFGMVWPEESMQWDATEPSQGNFNFAGADYLVNWAQQNGKLIGGGMLVWHSHLPSWVSSITDKETLTNVMKNHITTLMTRYKGKIRVWDVVGSAFNEDGSLRQTVFLNVIGEDYIKIAFQTARAADPNAKLYIADSNLDSASYPKTQAIVNKVKQWRAAZVPIDGIGSMTNLSAGQGAGVLQALPLLASAGTPEVSILMLDVAGASPTDYVNVVNACLNVQSCVGITSFGVADPDSWRASTTPLLFDGNFNPKPAYNAIVQDLQQGSIEGRGHHHHHH,0.3169108215459949,-8.360369,-0.78707945
97,MAEAAQSVDQLMKARGKVYFGVATDQNRLTTGKNAAIIKADFGMVWPEESMQWDATEPSQGNFNFAGADYLVNWAQQNGKLIGAGCLVWHNFLPSWVSSITDKNTLINVMKNHITTLMTRYKGKIRTWDVVGEAFNEDGSLRQNVFLNVIGEDYIKIAFQTARAADPNAKLYIMDYNLDSASYPKTQAIVNRVKQWRAAGVPIDGIGSMTNLSAGQGAGVLQALPLLASAGTPEVSILMLDVAGASPTDYVNVVNACLNVQSCVGITSFGVADPDSWRASTTPLLFDGNFNPKPAYNAIVQNLQQGSIEGRGHHHHHH,0.2923660094677975,8.91586,-3.1797638
98,MAEAAQSVDQLMKARGKVYFGVATDQNRLTTGKNAAIIQADFGMVWPEESMQWDATEPSQGNFNFAGADYVVNWAQQNGKLIGGGMLVWHSHLPSWVSSITDKETLTNVMKNHITTLMTRYKGKIRTWDVVGEAFNEDGSLRQNVFLNVIGEDYIKIAFQTARAADPNAKLYIMDYNLDSASYPKTQAIVNKVKQWRAAGVPIDGIGSMTNLSAGQGAGVLQALPLLASAGTPEVSILMLDVAGASPTDYVNVVNACLNVQSCVGITSFGVADPDSWRASTTPLLFDGNFNPKPAYNAIVQNLQQGSIEGRGHHHHHH,0.2899679008269212,0.1566095,-5.4850473
99,MAEAAQSIDQLIKARGKVYFGVATDQNRLTTGKNAAIIKADFGMVWPENSLQWDAVEPSQGNFNFAGADYLVNWAQQNGKLIGAGCLVWHNFLPSWVSSITDKETLINVMKNHITTLMTRYKGKIRVWDVVGSAFNEDGSLRQTVFLNVIGEDYIKIAFQTARAADPNAKLYIMDYNLDSASYPKTQAIVNRVKQWRAAGVPIDGIGSQMHLSAGQGAGVLQALPLLASAGTPEVSILMLDVAGASPTDYVNVVNACLNVQSCVGITSFGVADPDSWRASTTPLLFDGNFNPKPAYNAIVQNLQQGSIEGRGHHHHHH,0.284203229,9.116974,1.1832606
100,MAEAAQSIDQLIKARGKVYFGVATDQNRLTTGKNAAIIQADFGMVWPENSLQWDAVEPSQGNFNFAGADYLVNWAQQNGKLIGAGCLVWHNFLPSWVSSITDKNTLINVMKNHITTLMTRYKGKIRVWDVVGSAFNEDGSLRQTVFLNVIGEDYIKIAFQTARAADPNAKLYIMDYNLDSASYPKTQAIVNKVKQWRAAGVPIDGIGSMTNLSAGQGAGVLQALPLLASAGTPEVSILMLDVAGASPTDYVNVVNACLNVQSCVGITVMGVADPDSWRASTTPLLFDGNFNPKPAYNAIVQNLQQGSIEGRGHHHHHH,0.2808843872463136,8.880369,6.54803
101,MAEAAQSVDQLMKARGKVYFGVATDQNRLTTGKNAAIIQADFGMVWPEESMQWDATEPSQGNFNFAGADYLVNWAQQNGKLIGGGMLVWHSHLPSWVSSITDKETLTNVMKNHITTLMTRYKGKIRVWDVVGSAFNEDGSLRQTVFLNVIGEDYIKIAFQTARAADPNAKLYIADSNLDSASYPKTQAIVNKVKQWRAAGVPIDGIGSMTNLSAGQGAGVLQALPLLASAGTPEVSILMLDVAGASPTDYVNVVNACLNVQSCVGITVFGVADPDSWRASTTPLLFDGNFNPKPAYNAIVQDLQQGSIEGRGHHHHHH,0.2779920767503781,-7.8992114,-0.2192467
102,MAEAAQSVDQLMKARGKVYFGVATDQNRLTTGKNAAIIKADFGMVWPEESMQWDATEPSQGNFNFAGADYLVNWAQQNGKLIGAGCLVWHNFLPSWVSSITDKNTLINVMKNHITTLMTRYKGKIRTWDVVGEAFNEDGSLRQNVFLNVIGEDYIPIAFQTARAADPNAKLYIMDYNLDSASYPKTQAIVNRVKQWRAAGVPIDGIGSMTNLSAGQGAGVLQALPLLASAGTPEVSILMLDVAGASPTDYVNVVNACLNVQSCVGITSFGVADPDSWRASTTPLLFDGNFNPKPAYNAIVQDLQQGSIEGRGHHHHHH,0.2672268918855565,7.8048186,-4.3957605
103,MAEAAQSVDQLMKARGKVYFGVATDQNRLTTGKNAAIIKADFGMVWPENSLQWDAVEPSQGNFNFAGADYVVNWAQQNGKLIGGGMLVWHSHLPSWVSSITDKETLTNVMKNHITTLMTRYKGKIRVWDVVGSAFNEDGSLRQTVFLNVIGEDYIKIAFQTARAADPNAKLYIADSNLDSASYPKTQAIVNRVKQWRAAGVPIDGIGSQMHLSAGQGAGVLQALPLLASAGTPEVSILMLDVAGASPTDYVNVVNACLNVQSCVGITSFGVADPDSWRASTTPLLFDGNFNPKPAYNAIVQDLQQGSIEGRGHHHHHH,0.2648685540026126,-6.618033,-5.377097
104,MAEAAQSIDQLIKARGKVYFGVATDQNRLTTGKNAAIIKADFGMVWPEESMQWDATEPSQGNFNFAGADYLVNWAQQNGKLIGAGCLVWHNFLPSWVSSITDKNTLINVMKNHITTLMTRYKGKIRVWDVVGSAFNEDGSLRQTVFLNVIGEDYIPIAFQTARAADPNAKLYIMDYNLDSASYPKTQAIVNKVKQWRAAGVPIDGIGSMTNLSAGQGAGVLQALPLLASAGTPEVSILMLDVAGASPTDYVNVVNACLNVQSCVGITSFGVADPDSWRASTTPLLFDGNFNPKPAYNAIVQDLQQGSIEGRGHHHHHH,0.2467119323523316,6.737988,0.68668973
105,MAEAAQSVDQLMKARGKVYFGVATDQNRLTTGKNAAIIQADFGMVWPENSLQWDAVEPSQGNFNFAGADYVVNWAQQNGKLIGGGMLVWHSHLPSWVSSITDKNTLTNVMKNHITTLMTRYKGKIRVWDVVGSAFNEDGSLRQTVFLNVIGEDYIKIAFQTARAADPNAKLYIADSNLDSASYPKTQAIVNRVKQWRAAGVPIDGIGSMTNLSAGQGAGVLQALPLLASAGTPEVSILMLDVAGASPTDYVNVVNACLNVQSCVGITVMGVADPDSAFASSTPLLFDGNFNPKPAYNAIVQNLQQGSIEGRGHHHHHH,0.2380416694108663,-5.0293894,5.662951
106,MAEAAQSVDQLMKARGKVYFGVATDQNRLTTGKNAAIIQADFGMVWPENSLQWDAVEPSQGNFNFAGADYVVNWAQQNGKLIGGGMLVWHSHLPSWVSSITDKETLTNVMKNHITTLMTRYKGKIRVWDVVGSAFNEDGSLRQTVFLNVIGEDYIKIAFQTARAADPNAKLYIADSNLDSASYPKTQAIVNKVKQWRAAGVPIDGIGSQMHLSAGQGAGVLQALQLLASAGTPEVSILMLDVAGASPTDYVNVVNACLNVQSCVGITSFGVADPDSWRASTTPLLFDGNFNPKPAYNAIVQNLQQGSIEGRGHHHHHH,0.2373676210133745,-2.2999837,-3.0059729
107,MAEAAQSVDQLMKARGKVYFGVATDQNRLTTGKNAAIIKADFGMVWPENSLQWDAVEPSQGNFNFAGADYVVNWAQQNGKLIGAGCLVWHNFLPSWVSSITDKNTLINVMKNHITTLMTRYKGKIRTWDVVGEAFNEDGSLRQNVFLNVIGEDYIPIAFQTARAADPNAKLYIMDYNLDSASYPKTQAIVNRVKQWRAAGVPIDGIGSQMHLSAGQGAGVLQALPLLASAGTPEVSILMLDVAGASPTDYVNVVNACLNVQSCVGITSFGVADPDSWRASTTPLLFDGNFNPKPAYNAIVQDLQQGSIEGRGHHHHHH,0.2313330530819562,10.906961,-7.172216
108,MAEAAQSVDQLMKARGKVYFGVATDQNRLTTGKNAAIIQADFGMVWPEESMQWDAVEPSQGNFNFAGADYVVNWAQQNGKLIGGGMLVWHSHLPSWVSSITDKETLTNVMKNHITTLMTRYKGKIRVWDVVGSAFNEDGSLRQTVFLNVIGEDYIKIAFQTARAADPNAKLYIADSNLDSASYPKTQAIVNKVKQWRAAGVPIDGIGSQMHLSAGQGAGVLQALPLLASAGTPEVSILMLDVAGASPTDYVNVVNACLNVQSCVGITSFGVADPDSWRASTTPLLFDGNFNPKPAYNAIVQDLQQGSIEGRGHHHHHH,0.2304865685730258,-4.9808445,-4.880437
109,MAEAAQSIDQLIKARGKVYFGVATDQNRLTTGKNAAIIQADFGMVWPEESMQWDATEPSQGNFNFAGADYLVNWAQQNGKLIGAGCLVWHNFLPSWVSSITDKNTLINVMKNHITTLMTRYKGKIRVWDVVGSAFNEDGSLRQNVFLNVIGEDYIPIAFQTARAADPNAKLYIMDYNLDSASYPKTQAIVNRVKQWRAAGVPIDGIGSQMHLSAGQGAGVLQALPLLASAGTPEVSILMLDVAGASPTDYVNVVNACLNVQSCVGITVMGVADPDSAFASSTPLLFDGNFNPKPAYNAIVQNLQQGSIEGRGHHHHHH,0.224269484,12.827549,6.532795
110,MAEAAQSVDQLMKARGKVYFGVATDQNRLTTGKNAAIIKADFGMVWPEESMQWDATEPSQGNFNFAGADYLVNWAQQNGKLIGAGCLVWHNFLPSWVSSITDKETLTNVMKNHITTLMTRYKGKIRTWDVVGSAFNEDGSLRQTVFLNVIGEDYIKIAFQTARAADPNAKLYIMDYNLDSASYPKTQAIVNKVKQWRAAGVPIDGIGSQMHLSAGQGAGVLQALPLLASAGTPEVSILMLDVAGASPTDYVNVVNACLNVQSCVGITSFGVADPDSWRASTTPLLFDGNFNPKPAYNAIVQDLQQGSIEGRGHHHHHH,0.2158178046971836,4.974496,-4.0894938
111,MAEAAQSIDQLIKARGKVYFGVATDQNRLTTGKNAAIIQADFGMVWPENSLQWDAVEPSQGNFNFAGADYVVNWAQQNGKLIGAGCLVWHNFLPSWVSSITDKNTLINVMKNHITTLMTRYKGKIRTWDVVGEAFNEDGSLRQNVFLNVIGEDYIKIAFQTARAADPNAKLYIADSNLDSASYPKTQAIVNKVKQWRAAGVPIDGIGSMTNLSAGQGAGVLQALPLLASAGTPEVSILMLDVAGASPTDYVNVVNACLNVQSCVGITSFGVADPDSWRASTTPLLFDGNFNPKPAYNAIVQNLQQGSIEGRGHHHHHH,0.2088377526382848,6.2429094,0.59637356
112,MAEAAQSIDQLIKARGKVYFGVATDQNRLTTGKNAAIIKADFGMVWPEESMQWDATEPSQGNFNFAGADYVVNWAQQNGKLIGGGMLVWHNFLPSWVSSITDKETLTNVMKNHITTLMTRYKGKIRVWDVVGSAFNEDGSLRQTVFLNVIGEDYIKIAFQTARAADPNAKLYIADSNLDSASYPKTQAIVNKVKQWRAAGVPIDGIGSQMHLSAGQGAGVLQALPLLASAGTPEVSILMLDVAGASPTDYVNVVNACLNVQSCVGITSFGVADPDSWRASTTPLLFDGNFNPKPAYNAIVQNLQQGSIEGRGHHHHHH,0.2047800443716346,-0.21490835,-1.7917632
113,MAEAAQSIDQLIKARGKVYFGVATDQNRLTTGKNAAIIKADFGMVWPEESMQWDATEPSQGNFNFAGADYLVNWAQQNGKLIGAGCLVWHNFLPSWVSSITDKNTLINVMKNHITTLMTRYKGKIRTWDVVGEAFNEDGSLRQNVFLNVIGEDYIKIAFQTARAADPNAKLYIMDYNLDSASYPKTQAIVNRVKQWRAAGVPIDGIGSMTNLSAGQGAGVLQALPLLASAGTPEVSILMLDVAGASPTDYVNVVNACLNVQSCVGITVMGVADPDSAFASSTPLLFDGNFNPKPAYNAIVQNLQQGSIEGRGHHHHHH,0.202400801,11.359536,6.050985
114,MAEAAQSVDQLMKARGKVYFGVATDQNRLTTGKNAAIIKADFGMVWPEESMQWDATEPSQGNFNFAGADYVVNWAQQNGKLIGGGMLVWHSHLPSWVSSITDKETLTNVMKNHITTLMTRYKGKIRVWDVVGSAFNEDGSLRQTVFLNVIGEDYIKIAFQTARAADPNAKLYIADSNLDSASYPKTQAIVNRVKQWRAAGVPIDGIGSQMHLSAGQGAGVLQALPLLASAGTPEVSILMLDVAGASPTDYVNVVNACLNVQSCVGITSFGVADPDSWRASTTPLLFDGNFNPKPAYNAIVQDLQQGSIEGRGHHHHHH,0.1915022330481091,-6.187841,-5.8041406
115,MAEAAQSVDQLMKARGKVYFGVATDQNRLTTGKNAAIIKADFGMVWPENSLQWDAVEPSQGNFNFAGADYVVNWAQQNGKLIGAGCLVWHNFLPSWVSSITDKNTLINVMKNHITTLMTRYKGKIRVWDVVGSAFNEDGSLRQNVFLNVIGEDYIKIAFQTARAADPNAKLYIMDYNLDSASYPKTQAIVNRVKQWRAAGVPIDGIGSMTNLSAGQGAGVLQALPLLASAGTPEVSILMLDVAGASPTDYVNVVNACLNVQSCVGITSFGVADPDSWRASTTPLLFDGNFNPKPAYNAIVQDLQQGSIEGRGHHHHHH,0.1902671337912921,3.2342741,-1.4586825
116,MAEAAQSVDQLMKARGKVYFGVATDQNRLTTGKNAAIIQADFGMVWPENSLQWDAVEPSQGNFNFAGADYLVNWAQQNGKLIGAGCLVWHNFLPSWVSSITDKNTLINVMKNHITTLMTRYKGKIRTWDVVGEAFNEDGSLRQNVFLNVIGEDYIPIAFQTARAADPNAKLYIADSNLDSASYPKTQAIVNKVKQWRAAGVPIDGIGSMTNLSAGQGAGVLQALPLLASAGTPEVSILMLDVAGASPTDYVNVVNACLNVQSCVGITSFGVADPDSWRASTTPLLFDGNFNPKPAYNAIVQNLQQGSIEGRGHHHHHH,0.1821882050066919,5.787728,-0.7476603
117,MAEAAQSVDQLMKARGKVYFGVATDQNRLTTGKNAAIIQADFGMVWPENSLQWDAVEPSQGNFNFAGADYVVNWAQQNGKLIGGGMLVWHNFLPSWVSSITDKNTLINVMKNHITTLMTRYKGKIRTWDVVGEAFNEDGSLRQNVFLNVIGEDYIPIAFQTARAADPNAKLYIMDYNLDSASYPKTQAIVNRVKQWRAAGVPIDGIGSQMHLSAGQGAGVLQALPLLASAGTPEVSILMLDVAGASPTDYVNVVNACLNVQSCVGITSFGVADPDSWRASTTPLLFDGNFNPKPAYNAIVQNLQQGSIEGRGHHHHHH,0.1810976156321142,8.798469,-7.6852803
118,MAEAAQSIDQLIKARGKVYFGVATDQNRLTTGKNAAIIKADFGMVWPEESMQWDAVEPSQGNFNFAGADYVVNWAQQNGKLIGGGMLVWHSHLPSWVSSITDKETLTNVMKNHITTLMTRYKGKIRVWDVVGSAFNEDGSLRQTVFLNVIGEDYIKIAFQTARAADPNAKLYIADSNLDSASYPKTQAIVNRVKQWRAAGVPIDGIGSQMHLSAGQGAGVLQALPLLASAGTPEVSILMLDVAGASPTDYVNVVNACLNVQSCVGITVMGVADPDSAFASSTPLLFDGNFNPKPAYNAIVQNLQQGSIEGRGHHHHHH,0.1773724941086341,-0.53655875,5.8033385
119,MAEAAQSVDQLMKARGKVYFGVATDQNRLTTGKNAAIIQADFGMVWPENSLQWDAVEPSQGNFNFAGADYVVNWAQQNGKLIGAGCLVWHNFLPSWVSSITDKNTLTNVMKNHITTLMTRYKGKIRTWDVVGEAFNEDGSLRQNVFLNVIGEDYIPIAFQTARAADPNAKLYIADSNLDSASYPKTQAIVNRVKQWRAAGVPIDGIGSMTNLSAGQGAGVLQALPLLASAGTPEVSILMLDVAGASPTDYVNVVNACLNVQSCVGITSFGVADPDSWRASTTPLLFDGNFNPKPAYNAIVQNLQQGSIEGRGHHHHHH,0.175647655,3.0656078,-3.123443
120,MAEAAQSVDQLMKARGKVYFGVATDQNRLTTGKNAAIIQADFGMVWPENSLQWDAVEPSQGNFNFAGADYVVNWAQQNGKLIGAGCLVWHNFLPSWVSSITDKETLTNVMKNHITTLMTRYKGKIRTWDVVGEAFNEDGSLRQNVFLNVIGEDYIPIAFQTARAADPNAKLYIADSNLDSASYPKTQAIVNKVKQWRAAGVPIDGIGSMTNLSAGQGAGVLQALPLLASAGTPEVSILMLDVAGASPTDYVNVVNACLNVQSCVGITSFGVADPDSWRASTTPLLFDGNFNPKPAYNAIVQNLQQGSIEGRGHHHHHH,0.175156313,1.1161344,-1.9080477
121,MAEAAQSVDQLMKARGKVYFGVATDQNRLTTGKNAAIIQADFGMVWPEESMQWDATEPSQGNFNFAGADYLVNWAQQNGKLIGAGCLVWHNFLPSWVSSITDKNTLINVMKNHITTLMTRYKGKIRVWDVVGSAFNEDGSLRQNVFLNVIGEDYIKIAFQTARAADPNAKLYIMDYNLDSASYPKTQAIVNRVKQWRAAGVPIDGIGSQMHLSAGQGAGVLQALPLLASAGTPEVSILMLDVAGASPTDYVNVVNACLNVQSCVGITSFGVADPDSWRASTTPLLFDGNFNPKPAYNAIVQDLQQGSIEGRGHHHHHH,0.1701388045009407,8.713145,-3.3559384
122,MAEAAQSVDQLMKARGKVYFGVATDQNRLTTGKNAAIIKADFGMVWPEESMQWDATEPSQGNFNFAGADYLVNWAQQNGKLIGAGCLVWHNFLPSWVSSITDKNTLINVMKNHITTLMTRYKGKIRTWDVVGEAFNEDGSLRQTVFLNVIGEDYIKIAFQTARAADPNAKLYIADSNLDSASYPKTQAIVNKVKQWRAAGVPIDGIGSMTNLSAGQGAGVLQALPLLASAGTPEVSILMLDVAGASPTDYVNVVNACLNVQSCVGITSFGVADPDSWRASTTPLLFDGNFNPKPAYNAIVQDLQQGSIEGRGHHHHHH,0.1653504963206095,3.3884366,-2.5187523
123,MAEAAQSIDQLIKARGKVYFGVATDQNRLTTGKNAAIIKADFGMVWPEESMQWDATEPSQGNFNFAGADYLVNWAQQNGKLIGAGCLVWHNFLPSWVSSITDKNTLINVMKNHITTLMTRYKGKIRVWDVVGSAFNEDGSLRQTVFLNVIGEDYIKIAFQTARAADPNAKLYIADSNLDSASYPKTQAIVNKVKQWRAAGVPIDGIGSMTNLSAGQGAGVLQALPLLASAGTPEVSILMLDVAGASPTDYVNVVNACLNVQSCVGITSFGVADPDSWRASTTPLLFDGNFNPKPAYNAIVQDLQQGSIEGRGHHHHHH,0.1621914770511437,1.8834987,2.636832
124,MAEAAQSIDQLIKARGKVYFGVATDQNRLTTGKNAAIIQADFGMVWPENSLQWDAVEPSQGNFNFAGADYLVNWAQQNGKLIGAGCLVWHNFLPSWVSSITDKNTLINVMKNHITTLMTRYKGKIRVWDVVGSAFNEDGSLRQTVFLNVIGEDYIKIAFQTARAADPNAKLYIADSNLDSASYPKTQAIVNKVKQWRAAGVPIDGIGSMTNLSAGQGAGVLQALPLLASAGTPEVSILMLDVAGASPTDYVNVVNACLNVQSCVGITSFGVADPDSWRASTTPLLFDGNFNPKPAYNAIVQDLQQGSIEGRGHHHHHH,0.158970777,2.0517454,3.643486
125,MAEAAQSIDQLIKARGKVYFGVATDQNRLTTGKNAAIIKADFGMVWPEESMQWDATEPSQGNFNFAGADYVVNWAQQNGKLIGAGCLVWHNFLPSWVSSITDKNTLINVMKNHITTLMTRYKGKIRVWDVVGSAFNEDGSLRQTVFLNVIGEDYIKIAFQTARAADPNAKLYIADSNLDSASYPKTQAIVNKVKQWRAAGVPIDGIGSMTNLSAGQGAGVLQALPLLASAGTPEVSILMLDVAGASPTDYVNVVNACLNVQSCVGITSFGVADPDSWRASTTPLLFDGNFNPKPAYNAIVQDLQQGSIEGRGHHHHHH,0.1571087757048387,1.1260957,1.6156408
126,MAEAAQSIDQLIKARGKVYFGVATDQNRLTTGKNAAIIKADFGMVWPEESMQWDATEPSQGNFNFAGADYLVNWAQQNGKLIGAGCLVWHNFLPSWVSSITDKETLTNVMKNHITTLMTRYKGKIRVWDVVGSAFNEDGSLRQTVFLNVIGEDYIKIAFQTARAADPNAKLYIADSNLDSASYPKTQAIVNKVKQWRAAGVPIDGIGSMTNLSAGQGAGVLQALPLLASAGTPEVSILMLDVAGASPTDYVNVVNACLNVQSCVGITSFGVADPDSAFASTTPLLFDGNFNPKPAYNAIVQDLQQGSIEGRGHHHHHH,0.1560597311373714,-1.5261235,6.8890095
127,MAEAAQSIDQLIKARGKVYFGVATDQNRLTTGKNAAIIKADFGMVWPEESMQWDATEPSQGNFNFAGADYLVNWAQQNGKLIGAGCLVWHNFLPSWVSSITDKNTLINVMKNHITTLMTRYKGKIRTWDVVGEAFNEDGSLRQNVFLNVIGEDYIPIAFQTARAADPNAKLYIMDYNLDSASYPKTQAIVNRVKQWRAAGVPIDGIGSMTNLSAGQGAGVLQALPLLASAGTPEVSILMLDVAGASPTDYVNVVNACLNVQSCVGITVMGVADPDSAFASSTPLLFDGNFNPKPAYNAIVQNLQQGSIEGRGHHHHHH,0.150042411,11.536346,5.6386976
128,MAEAAQSVDQLMKARGKVYFGVATDQNRLTTGKNAAIIQADFGMVWPENSLQWDAVEPSQGNFNFAGADYVVNWAQQNGKLIGAGCLVWHNFLPSWVSSITDKNTLINVMKNHITTLMTRYKGKIRTWDVVGEAFNEDGSLRQTVFLNVIGEDYIKIAFQTARAADPNAKLYIADSNLDSASYPKTQAIVNKVKQWRAAGVPIDGIGSMTNLSAGQGAGVLQALPLLASAGTPEVSILMLDVAGASPTDYVNVVNACLNVQSCVGITSFGVADPDSWRASTTPLLFDGNFNPKPAYNAIVQDLQQGSIEGRGHHHHHH,0.1487471116241716,2.5262492,-2.798781
129,MAEAAQSVDQLMKARGKVYFGVATDQNRLTTGKNAAIIKADFGMVWPEESMQWDATEPSQGNFNFAGADYLVNWAQQNGKLIGAGCLVWHNFLPSWVSSITDKNTLTNVMKNHITTLMTRYKGKIRVWDVVGSAFNEDGSLRQTVFLNVIGEDYIKIAFQTARAADPNAKLYIADSNLDSASYPKTQAIVNKVKQWRAAGVPIDGIGSMTNLSAGQGAGVLQALPLLASAGTPEVSILMLDVAGASPTDYVNVVNACLNVQSCVGITSFGVADPDSWRASTTPLLFDGNFNPKPAYNAIVQDLQQGSIEGRGHHHHHH,0.1445994573172228,-1.302571,-0.46084353
130,MAEAAQSVDQLMKARGKVYFGVATDQNRLTTGKNAAIIKADFGMVWPEESMQWDATEPSQGNFNFAGADYLVNWAQQNGKLIGAGCLVWHNFLPSWVSSITDKNTLINVMKNHITTLMTRYKGKIRTWDVVGEAFNEDGSLRQTVFLNVIGEDYIPIAFQTARAADPNAKLYIADSNLDSASYPKTQAIVNKVKQWRAAGVPIDGIGSMTNLSAGQGAGVLQALPLLASAGTPEVSILMLDVAGASPTDYVNVVNACLNVQSCVGITSFGVADPDSWRASTTPLLFDGNFNPKPAYNAIVQNLQQGSIEGRGHHHHHH,0.1436164108568865,5.1858935,-1.9689535
131,MAEAAQSVDQLMKARGKVYFGVATDQNRLTTGKNAAIIQADFGMVWPENSLQWDAVEPSQGNFNFAGADYVVNWAQQNGKLIGAGCLVWHSHLPSWVSSITDKETLTNVMKNHITTLMTRYKGKIRVWDVVGSAFNEDGSLRQTVFLNVIGEDYIKIAFQTARAADPNAKLYIADSNLDSASYPKTQAIVNKVKQWRAAGVPIDGIGSMTNLSAGQGAGVLQALPLLASAGTPEVSILMLDVAGASPTDYVNVVNACLNVQSCVGITSFGVADPDSWRASTTPLLFDGNFNPKPAYNAIVQDLQQGSIEGRGHHHHHH,0.1428881071226806,-5.601841,0.07422798
132,MAEAAQSVDQLMKARGKVYFGVATDQNRLTTGKNAAIIQADFGMVWPENSLQWDAVEPSQGNFNFAGADYLVNWAQQNGKLIGAGCLVWHNFLPSWVSSITDKETLTNVMKNHITTLMTRYKGKIRVWDVVGSAFNEDGSLRQTVFLNVIGEDYIKIAFQTARAADPNAKLYIADSNLDSASYPKTQAIVNKVKQWRAAGVPIDGIGSMTNLSAGQGAGVLQALPLLASAGTPEVSILMLDVAGASPTDYVNVVNACLNVQSCVGITSFGVADPDSWRASTTPLLFDGNFNPKPAYNAIVQNLQQGSIEGRGHHHHHH,0.142419286,-2.0020943,2.4602118
133,MAEAAQSVDQLMKARGKVYFGVATDQNRLTTGKNAAIIKADFGMVWPEESMQWDATEPSQGNFNFAGADYVVNWAQQNGKLIGAGCLVWHNFLPSWVSSITDKNTLINVMKNHITTLMTRYKGKIRVWDVVGEAFNEDGSLRQNVFLNVIGEDYIKIAFQTARAADPNAKLYIADSNLDSASYPKTQAIVNKVKQWRAAGVPIDGIGSMTNLSAGQGAGVLQALPLLASAGTPEVSILMLDVAGASPTDYVNVVNACLNVQSCVGITVMGVADPDSAFASSTPLLFDGNFNPKPAYNAIVQNLQQGSIEGRGHHHHHH,0.1420969449372728,5.7331033,5.982165
134,MAEAAQSVDQLMKARGKVYFGVATDQNRLTTGKNAAIIKADFGMVWPEESMQWDATEPSQGNFNFAGADYVVNWAQQNGKLIGGGMLVWHSHLPSWVSSITDKNTLINVMKNHITTLMTRYKGKIRVWDVVGEAFNEDGSLRQNVFLNVIGEDYIPIAFQTARAADPNAKLYIMDYNLDSASYPKTQAIVNKVKQWRAAGVPIDGIGSQMHLSAGQGAGVLQALPLLASAGTPEVSILMLDVAGASPTDYVNVVNACLNVQSCVGITVMGVADPDSAFASSTPLLFDGNFNPKPAYNAIVQNLQQGSIEGRGHHHHHH,0.140106231,9.672725,-0.37566006
135,MAEAAQSIDQLIKARGKVYFGVATDQNRLTTGKNAAIIKADFGMVWPEESMQWDATEPSQGNFNFAGADYLVNWAQQNGKLIGAGCLVWHNFLPSWVSSITDKETLTNVMKNHITTLMTRYKGKIRVWDVVGSAFNEDGSLRQTVFLNVIGEDYIKIAFQTARAADPNAKLYIADSNLDSASYPKTQAIVNKVKQWRAAGVPIDGIGSMTNLSAGQGAGVLQALPLLASAGTPEVSILMLDVAGASPTDYVNVVNACLNVQSCVGITSFGVADPDSWRASTTPLLFDGNFNPKPAYNAIVQDLQQGSIEGRGHHHHHH,0.1396801406702882,-1.6413667,2.8071911
136,MAEAAQSVDQLIKARGKVYFGVATDQNRLTTGKNAAIIQADFGMVWPENSLQWDAVEPSQGNFNFAGADYVVNWAQQNGKLIGAGCLVWHNFLPSWVSSITDKNTLINVMKNHITTLMTRYKGKIRVWDVVGSAFNEDGSLRQTVFLNVIGEDYIKIAFQTARAADPNAKLYIADSNLDSASYPKTQAIVNKVKQWRAAGVPIDGIGSMTNLSAGQGAGVLQALPLLASAGTPEVSILMLDVAGASPTDYVNVVNACLNVQSCVGITSFGVADPDSWRASTTPLLFDGNFNPKPAYNAIVQDLQQGSIEGRGHHHHHH,0.1363636027502961,-0.3752304,1.0365244
137,MAEAAQSVDQLMKARGKVYFGVATDQNRLTTGKNAAIIQADFGMVWPENSLQWDATEPSQGNFNFAGADYVVNWAQQNGKLIGGGMLVWHSHLPSWVSSITDKETLTNVMKNHITTLMTRYKGKIRVWDVVGSAFNEDGSLRQTVFLNVIGEDYIPIAFQTARAADPNAKLYIADSNLDSASYPKTQAIVNKVKQWRAAGVPIDGIGSMTNLSAGQGAGVLQALPLLASAGTPEVSILMLDVAGASPTDYVNVVNACLNVQSCVGITVMGVADPDSAFASSTPLLFDGNFNPKPAYNAIVQDLQQGSIEGRGHHHHHH,0.1353137674929898,-8.214201,5.2163506
138,MAEAAQSVDQLMKARGKVYFGVATDQNRLTTGKNAAIIQADFGMVWPENSLQWDAVEPSQGNFNFAGADYVVNWAQQNGKLIGAGCLVWHNFLPSWVSSITDKETLTNVMKNHITTLMTRYKGKIRVWDVVGSAFNEDGSLRQTVFLNVIGEDYIKIAFQTARAADPNAKLYIADSNLDSASYPKTQAIVNKVKQWRAAGVPIDGIGSMTNLSAGQGAGVLQALPLLASAGTPEVSILMLDVAGASPTDYVNVVNACLNVQSCVGITSFGVADPDSWRASTTPLLFDGNFNPKPAYNAIVQDLQQGSIEGRGHHHHHH,0.1337124730576372,-4.564625,0.24781492
139,MAEAAQSIDQLIKARGKVYFGVATDQNRLTTGKNAAIIKADFGMVWPENSLQWDAVEPSQGNFNFAGADYLVNWAQQNGKLIGGGMLVWHSHLPSWVSSITDKETLTNVMKNHITTLMTRYKGKIRTWDVVGEAFNEDGSLRQNVFLNVIGEDYIPIAFQTARAADPNAKLYIMDYNLDSASYPKTQAIVNKVKQWRAAGVPIDGIGSQMHLSAGQGAGVLQALPLLASAGTPEVSILMLDVAGASPTDYVNVVNACLNVQSCVGITVMGVADPDSAFASSTPLLFDGNFNPKPAYNAIVQNLQQGSIEGRGHHHHHH,0.1332882540866433,8.0034275,2.765251
140,MAEAAQSVDQLMKARGKVYFGVATDQNRLTTGKNAAIIQADFGMVWPENSLQWDATEPSQGNFNFAGADYVVNWAQQNGKLIGAGCLVWHSHLPSWVSSITDKETLTNVMKNHITTLMTRYKGKIRVWDVVGSAFNEDGSLRQTVFLNVIGEDYIKIAFQTARAADPNAKLYIADSNLDSASYPKTQAIVNKVKQWRAAGVPIDGIGSMTNLSAGQGAGVLQALPLLASAGTPEVSILMLDVAGASPTDYVNVVNACLNVQSCVGITSFGVADPDSWRASTTPLLFDGNFNPKPAYNAIVQDLQQGSIEGRGHHHHHH,0.1321636238625512,-5.660892,-0.18332638
141,MAEAAQSIDQLIKARGKVYFGVATDQNRLTTGKNAAIIQADFGMVWPEESMQWDAVEPSQGNFNFAGADYVVNWAQQNGKLIGGGMLVWHNFLPSWVSSITDKNTLINVMKNHITTLMTRYKGKIRTWDVVGEAFNEDGSLRQNVFLNVIGEDYIPIAFQTARAADPNAKLYIMDYNLDSASYPKTQAIVNKVKQWRAAGVPIDGIGSQMHLSAGQGAGVLQALPLLASAGTPEVSILMLDVAGASPTDYVNVVNACLNVQSCVGITVMGVADPDSAFASSTPLLFDGNFNPKPAYNAIVQDLQQGSIEGRGHHHHHH,0.1317212401772643,11.425745,0.82329196
142,MAEAAQSIDQLIKARGKVYFGVATDQNRLTTGKNAAIIKADFGMVWPEESMQWDAVEPSQGNFNFAGADYVVNWAQQNGKLIGGGMLVWHNFLPSWVSSITDKNTLINVMKNHITTLMTRYKGKIRTWDVVGEAFNEDGSLRQNVFLNVIGEDYIPIAFQTARAADPNAKLYIMDYNLDSASYPKTQAIVNRVKQWRAAGVPIDGIGSQMHLSAGQGAGVLQALPLLASAGTPEVSILMLDVAGASPTDYVNVVNACLNVQSCVGITVMGVADPDSAFASSTPLLFDGNFNPKPAYNAIVQNLQQGSIEGRGHHHHHH,0.1299059534822229,11.734116,1.0724556
143,MAEAAQSVDQLMKARGKVYFGVATDQNRLTTGKNAAIIQADFGMVWPENSLQWDATEPSQGNFNFAGADYLVNWAQQNGKLIGAGCLVWHNFLPSWVSSITDKETLTNVMKNHITTLMTRYKGKIRTWDVVGSAFNEDGSLRQNVFLNVIGEDYIKIAFQTARAADPNAKLYIADSNLDSASYPKTQAIVNKVKQWRAAGVPIDGIGSMTNLSAGQGAGVLQALPLLASAGTPEVSILMLDVAGASPTDYVNVVNACLNVQSCVGITSFGVADPDSWRASTTPLLFDGNFNPKPAYNAIVQDLQQGSIEGRGHHHHHH,0.1285497054264904,-3.9579616,0.6405345
144,MAEAAQSIDQLIKARGKVYFGVATDQNRLTTGKNAAIIQADFGMVWPENSLQWDAVEPSQGNFNFAGADYVVNWAQQNGKLIGGGMLVWHSHLPSWVSSITDKNTLINVMKNHITTLMTRYKGKIRTWDVVGSAFNEDGSLRQTVFLNVIGEDYIKIAFQTARAADPNAKLYIMDYNLDSASYPKTQAIVNKVKQWRAAGVPIDGIGSQMHLSAGQGAGVLQALPLLASAGTPEVSILMLDVAGASPTDYVNVVNACLNVQSCVGITVMGVADPDSAFASSTPLLFDGNFNPKPAYNAIVQNLQQGSIEGRGHHHHHH,0.1282076445107689,7.214838,4.0966725
145,MAEAAQSVDQLMKARGKVYFGVATDQNRLTTGKNAAIIKADFGMVWPEESMQWDATEPSQGNFNFAGADYLVNWAQQNGKLIGAGCLVWHSHLPSWVSSITDKETLTNVMKNHITTLMTRYKGKIRVWDVVGSAFNEDGSLRQTVFLNVIGEDYIKIAFQTARAADPNAKLYIADSNLDSASYPKTQAIVNKVKQWRAAGVPIDGIGSMTNLSAGQGAGVLQALPLLASAGTPEVSILMLDVAGASPTDYVNVVNACLNVQSCVGITSFGVADPDSWRASTTPLLFDGNFNPKPAYNAIVQDLQQGSIEGRGHHHHHH,0.1214440277908761,-4.847678,0.31853345
146,MAEAAQSVDQLMKARGKVYFGVATDQNRLTTGKNAAIIKADFGMVWPEESMQWDATEPSQGNFNFAGADYLVNWAQQNGKLIGAGCLVWHNFLPSWVSSITDKNTLINVMKNHITTLMTRYKGKIRVWDVVGSAFNEDGSLRQTVFLNVIGEDYIKIAFQTARAADPNAKLYIADSNLDSASYPKTQAIVNKVKQWRAAGVPIDGIGSMTNLSAGQGAGVLQALPLLASAGTPEVSILMLDVAGASPTDYVNVVNACLNVQSCVGITSFGVADPDSWRASTTPLLFDGNFNPKPAYNAIVQDLQQGSIEGRGHHHHHH,0.1206888014473279,-0.10207784,0.5220332
147,MAEAAQSVDQLMKARGKVYFGVATDQNRLTTGKNAAIIQADFGMVWPENSLQWDATEPSQGNFNFAGADYLVNWAQQNGKLIGAGCLVWHNFLPSWVSSITDKETLINVMKNHITTLMTRYKGKIRTWDVVGSAFNEDGSLRQTVFLNVIGEDYIKIAFQTARAADPNAKLYIADSNLDSASYPKTQAIVNKVKQWRAAGVPIDGIGSMTNLSAGQGAGVLQALPLLASAGTPEVSILMLDVAGASPTDYVNVVNACLNVQSCVGITSFGVADPDSWRASTTPLLFDGNFNPKPAYNAIVQDLQQGSIEGRGHHHHHH,0.1199722980579833,-2.971719,1.4846333
148,MAEAAQSIDQLIKARGKVYFGVATDQNRLTTGKNAAIIKADFGMVWPEESMQWDATEPSQGNFNFAGADYLVNWAQQNGKLIGAGCLVWHNFLPSWVSSITDKNTLINVMKNHITTLMTRYKGKIRVWDVVGEAFNEDGSLRQNVFLNVIGEDYIPIAFQTARAADPNAKLYIADSNLDSASYPKTQAIVNRVKQWRAAGVPIDGIGSQMHLSAGQGAGVLQALPLLASAGTPEVSILMLDVAGASPTDYVNVVNACLNVQSCVGITSFGVADPDSWRASTTPLLFDGNFNPKPAYNAIVQNLQQGSIEGRGHHHHHH,0.1173503063029604,11.488047,-1.5620041
149,MAEAAQSVDQLMKARGKVYFGVATDQNRLTTGKNAAIIQADFGMVWPENSLQWDAVEPSQGNFNFAGADYLVNWAQQNGKLIGAGCLVWHNFLPSWVSSITDKETLTNVMKNHITTLMTRYKGKIRVWDVVGSAFNEDGSLRQTVFLNVIGEDYIKIAFQTARAADPNAKLYIADSNLDSASYPKTQAIVNKVKQWRAAGVPIDGIGSMTNLSAGQGAGVLQALPLLASAGTPEVSILMLDVAGASPTDYVNVVNACLNVQSCVGITSFGVADPDSAFASSTPLLFDGNFNPKPAYNAIVQDLQQGSIEGRGHHHHHH,0.1097960816417026,-3.5118442,5.448782
150,MAEAAQSVDQLMKARGKVYFGVATDQNRLTTGKNAAIIQADFGMVWPEESMQWDATEPSQGNFNFAGADYLVNWAQQNGKLIGAGCLVWHSHLPSWVSSITDKETLINVMKNHITTLMTRYKGKIRVWDVVGSAFNEDGSLRQTVFLNVIGEDYIKIAFQTARAADPNAKLYIADSNLDSASYPKTQAIVNKVKQWRAAGVPIDGIGSMTNLSAGQGAGVLQALPLLASAGTPEVSILMLDVAGASPTDYVNVVNACLNVQSCVGITSFGVADPDSWRASTTPLLFDGNFNPKPAYNAIVQDLQQGSIEGRGHHHHHH,0.1097763983938515,-3.2716634,1.7635255
151,MAEAAQSIDQLIKARGKVYFGVATDQNRLTTGKNAAIIKADFGMVWPEESMQWDATEPSQGNFNFAGADYVVNWAQQNGKLIGGGMLVWHSHLPSWVSSITDKETLTNVMKNHITTLMTRYKGKIRVWDVVGSAFNEDGSLRQTVFLNVIGEDYIKIAFQTARAADPNAKLYIMDYNLDSASYPKTQAIVNRVKQWRAAGVPIDGIGSQMHLSAGQGAGVLQALPLLASAGTPEVSILMLDVAGASPTDYVNVVNACLNVQSCVGITVMGVADPDSAFASSTPLLFDGNFNPKPAYNAIVQDLQQGSIEGRGHHHHHH,0.1094471005645963,2.0503964,2.8941097
152,MAEAAQSVDQLIKARGKVYFGVATDQNRLTTGKNAAIIKADFGMVWPEESMQWDATEPSQGNFNFAGADYVVNWAQQNGKLIGAGCLVWHNFLPSWVSSITDKETLTNVMKNHITTLMTRYKGKIRVWDVVGSAFNEDGSLRQTVFLNVIGEDYIKIAFQTARAADPNAKLYIADSNLDSASYPKTQAIVNKVKQWRAAGVPIDGIGSMTNLSAGQGAGVLQALPLLASAGTPEVSILMLDVAGASPTDYVNVVNACLNVQSCVGITVMGVADPDSWRASTTPLLFDGNFNPKPAYNAIVQDLQQGSIEGRGHHHHHH,0.1069063478184981,-3.1387713,3.9401178
153,MAEAAQSVDQLMKARGKVYFGVATDQNRLTTGKNAAIIQADFGMVWPENSLQWDAVEPSQGNFNFAGADYVVNWAQQNGKLIGAGCLVWHNFLPSWVSSITDKETLTNVMKNHITTLMTRYKGKIRVWDVVGSAFNEDGSLRQTVFLNVIGEDYIKIAFQTARAADPNAKLYIADSNLDSASYPKTQAIVNKVKQWRAAGVPIDGIGSMTNLSAGQGAGVLQALPLLASAGTPEVSILMLDVAGASPTDYVNVVNACLNVQSCVGITVMGVADPDSWRASTTPLLFDGNFNPKPAYNAIVQDLQQGSIEGRGHHHHHH,0.1062911757204749,-3.5881846,3.9748187
154,MAEAAQSIDQLMKARGKVYFGVATDQNRLTTGKNAAIIKADFGMVWPEESMQWDATEPSQGNFNFAGADYLVNWAQQNGKLIGAGCLVWHNFLPSWVSSITDKETLTNVMKNHITTLMTRYKGKIRVWDVVGSAFNEDGSLRQTVFLNVIGEDYIKIAFQTARAADPNAKLYIADSNLDSASYPKTQAIVNKVKQWRAAGVPIDGIGSMTNLSAGQGAGVLQALPLLASAGTPEVSILMLDVAGASPTDYVNVVNACLNVQSCVGITSFGVADPDSAFASSTPLLFDGNFNPKPAYNAIVQDLQQGSIEGRGHHHHHH,0.1038188576011982,-2.3212082,5.9909496
155,MAEAAQSIDQLIKARGKVYFGVATDQNRLTTGKNAAIIKADFGMVWPEESMQWDATEPSQGNFNFAGADYLVNWAQQNGKLIGAGCLVWHNFLPSWVSSITDKNTLINVMKNHITTLMTRYKGKIRTWDVVGEAFNEDGSLRQNVFLNVIGEDYIKIAFQTARAADPNAKLYIADSNLDSASYPKTQAIVNKVKQWRAAGVPIDGIGSQMHLSAGQGAGVLQALPLLASAGTPEVSILMLDVAGASPTDYVNVVNACLNVQSCVGITSFGVADPDSWRASTTPLLFDGNFNPKPAYNAIVQNLQQGSIEGRGHHHHHH,0.1015287475131043,11.242164,-1.8172759
156,MAEAAQSVDQLMKARGKVYFGVATDQNRLTTGKNAAIIQADFGMVWPENSLQWDAVEPSQGNFNFAGADYVVNWAQQNGKLIGAGCLVWHNFLPSWVSSITDKNTLTNVMKNHITTLMTRYKGKIRVWDVVGSAFNEDGSLRQTVFLNVIGEDYIPIAFQTARAADPNAKLYIADSNLDSASYPKTQAIVNKVKQWRAAGVPIDGIGSMTNLSAGQGAGVLQALPLLASAGTPEVSILMLDVAGASPTDYVNVVNACLNVQSCVGITSFGVADPDSWRASTTPLLFDGNFNPKPAYNAIVQDLQQGSIEGRGHHHHHH,0.097623027,-1.6480618,-1.0874039
157,MAEAAQSVDQLMKARGKVYFGVATDQNRLTTGKNAAIIQADFGMVWPENSLQWDAVEPSQGNFNFAGADYVVNWAQQNGKLIGGGMLVWHSHLPSWVSSITDKETLTNVMKNHITTLMTRYKGKIRVWDVVGSAFNEDGSLRQTVFLNVIGEDYIKIAFQTARAADPNAKLYIMDYNLDSASYPKTQAIVNRVKQWRAAGVPIDGIGSQTHLSAGQGAGVLQALPLLASAGTPEVSILMLDVAGASPTDYVNVVNACLNVQSCVGITVFGVADPDSWRASTTPLLFDGNFNPKPAYNAIVQDLQQGSIEGRGHHHHHH,0.096743887,-1.607709,-4.8082795
158,MAEAAQSIDQLIKARGKVYFGVATDQNRLTTGKNAAIIKADFGMVWPEESMQWDATEPSQGNFNFAGADYLVNWAQQNGKLIGGGMLVWHSHLPSWVSSITDKNTLINVMKNHITTLMTRYKGKIRVWDVVGSAFNEDGSLRQTVFLNVIGEDYIKIAFQTARAADPNAKLYIADSNLDSASYPKTQAIVNRVKQWRAAGVPIDGIGSQMHLSAGQGAGVLQALPLLASAGTPEVSILMLDVAGASPTDYVNVVNACLNVQSCVGITSFGVADPDSWRASTTPLLFDGNFNPKPAYNAIVQDLQQGSIEGRGHHHHHH,0.096712424,0.95984435,-2.3916101
159,MAEAAQSVDQLMKARGKVYFGVATDQNRLTTGKNAAIIKADFGMVWPENSLQWDAVEPSQGNFNFAGADYVVNWAQQNGKLIGGGMLVWHSHLPSWVSSITDKETLTNVMKNHITTLMTRYKGKIRVWDVVGSAFNEDGSLRQTVFLNVIGEDYIKIAFQTARAADPNAKLYIMDYNLDSASYPKTQAIVNRVKQWRAAGVPIDGIGSQMHLSAGQGAGVLQALPLLASAGTPEVSILMLDVAGASPTDYVNVVNACLNVQSCVGITSFGVADPDSWRASTTPLLFDGNFNPKPAYNAIVQDLQQGSIEGRGHHHHHH,0.089758189,-1.9895979,-6.524147
160,MAEAAQSVDQLMKARGKVYFGVATDQNRLTTGKNAAIIQADFGMVWPENSLQWDAVEPSQGNFNFAGADYVVNWAQQNGKLIGGGMLVWHSHLPSWVSSITDKETLTNVMKNHITTLMTRYKGKIRVWDVVGSAFNEDGSLRQNVFLNVIGEDYIPIAFQTARAADPNAKLYIMDYNLDSASYPKTQAIVNKVKQWRAAGVPIDGIGSMTNLSAGQGAGVLQALPLLASAGTPEVSILMLDVAGASPTDYVNVVNACLNVQSCVGITSFGVADPDSWRASTTPLLFDGNFNPKPAYNAIVQDLQQGSIEGRGHHHHHH,0.088799031,-4.4632106,-3.336273
161,MAEAAQSVDQLMKARGKVYFGVATDQNRLTTGKNAAIIQADFGMVWPENSLQWDAVEPSQGNFNFAGADYVVNWAQQNGKLIGAGCLVWHNFLPSWVSSITDKNTLTNVMKNHITTLMTRYKGKIRVWDVVGSAFNEDGSLRQTVFLNVIGEDYIKIAFQTARAADPNAKLYIADSNLDSASYPKTQAIVNKVKQWRAAGVPIDGIGSMTNLSAGQGAGVLQALPLLASAGTPEVSILMLDVAGASPTDYVNVVNACLNVQSCVGITVMGVADPDSWRASTTPLLFDGNFNPKPAYNAIVQDLQQGSIEGRGHHHHHH,0.086962302,-1.0827208,3.0065212
162,MAEAAQSIDQLIKARGKVYFGVATDQNRLTTGKNAAIIKADFGMVWPEESMQWDATEPSQGNFNFAGADYLVNWAQQNGKLIGAGCLVWHNFLPSWVSSITDKNTLINVMKNHITTLMTRYKGKIRTWDVVGEAFNEDGSLRQNVFLNVIGEDYIKIAFQTARAADPNAKLYIADSNLDSASYPKTQAIVNRVKQWRAAGVPIDGIGSQMHLSAGQGAGVLQALPLLASAGTPEVSILMLDVAGASPTDYVNVVNACLNVQSCVGITSFGVADPDSWRASTTPLLFDGNFNPKPAYNAIVQDLQQGSIEGRGHHHHHH,0.08606092,9.1788,-3.0421035
163,MAEAAQSVDQLMKARGKVYFGVATDQNRLTTGKNAAIIQADFGMVWPENSLQWDAVEPSQGNFNFAGADYVVNWAQQNGKLIGGGMLVWHSHLPSWVSSITDKETLTNVMKNHITTLMTRYKGKIRVWDVVGSAFNEDGSLRQTVFLNVIGEDYIKIAFQTARAADPNAKLYIMDYNLDSASYPKTQAIVNKVKQWRAAGVPIDGIGSMTNLSAGQGAGVLQALPLLASAGTPEVSILMLDVAGASPTDYVNVVNACLNVQSCVGITSFGVADPDSWRASTTPLLFDGNFNPKPAYNAIVQDLQQGSIEGRGHHHHHH,0.082001877,-5.0641155,-3.215187
164,MAEAAQSVDQLMKARGKVYFGVATDQNRLTTGKNAAIIQADFGMVWPENSLQWDAVEPSQGNFNFAGADYVVNWAQQNGKLIGGGMLVWHSHLPSWVSSITDKETLTNVMKNHITTLMTRYKGKIRVWDVVGSAFNEDGSLRQTVFLNVIGEDYIPIAFQTARAADPNAKLYIMDYNLDSASYPKTQAIVNKVKQWRAAGVPIDGIGSMTNLSAGQGAGVLQALPLLASAGTPEVSILMLDVAGASPTDYVNVVNACLNVQSCVGITSFGVADPDSWRASTTPLLFDGNFNPKPAYNAIVQDLQQGSIEGRGHHHHHH,0.08095872,-4.747677,-3.6258218
165,MAEAAQSIDQLIKARGKVYFGVATDQNRLTTGKNAAIIKADFGMVWPEESMQWDATEPSQGNFNFAGADYLVNWAQQNGKLIGAGCLVWHNFLPSWVSSITDKNTLINVMKNHITTLMTRYKGKIRVWDVVGSAFNEDGSLRQTVFLNVIGEDYIKIAFQTARAADPNAKLYIADSNLDSASYPKTQAIVNRVKQWRAAGVPIDGIGSMTNLSAGQGAGVLQALPLLASAGTPEVSILMLDVAGASPTDYVNVVNACLNVQSCVGITVMGVADPDSAFASSTPLLFDGNFNPKPAYNAIVQNLQQGSIEGRGHHHHHH,0.080846674,3.714432,10.9254
166,MAEAAQSVDQLMKARGKVYFGVATDQNRLTTGKNAAIIQADFGMVWPEESMQWDATEPSQGNFNFAGADYVVNWAQQNGKLIGGGMLVWHSHLPSWVSSITDKETLTNVMKNHITTLMTRYKGKIRVWDVVGEAFNEDGSLRQNVFLNVIGEDYIPIAFQTARAADPNAKLYIMDYNLDSASYPKTQAIVNRVKQWRAAGVPIDGIGSQMHLSAGQGAGVLQALPLLASAGTPEVSILMLDVAGASPTDYVNVVNACLNVQSCVGITVMGVADPDSAFASSTPLLFDGNFNPKPAYNAIVQDLQQGSIEGRGHHHHHH,0.07820264,4.2930837,-1.1674432
167,MAEAAQSVDQLMKARGKVYFGVATDQNRLTTGKNAAIIQADFGMVWPENSLQWDAVEPSQGNFNFAGADYLVNWAQQNGKLIGGGMLVWHSQLPSWVSSITDKETLTNVMKNHITTLMTRYKGKIRVWDVVGSAFNEDGSLRQTVFLNVIGEDYIKIAFQTARAADPNAKLYIMDYNLDSASYPKTQAIVNKVKQWRAAGVPIDGIGSMTNLSAGQGAGVLQALPLLASAGTPEVSILMLDVAGASPTDYVNVVNACLNVQSCVGITSFGVADPDSWRASTTPLLFDGNFNPKPAYNAIVQDLQQGSIEGRGHHHHHH,0.077989595,-4.0724063,-2.9767563
168,MAEAAQSVDQLMKARGKVYFGVATDQNRLTTGKNAAIIQADFGMVWPENSLQWDAVEPSQGNFNFAGADYVVNWAQQNGKLIGAGCLVWHSHLPSWVSSITDKETLTNVMKNHITTLMTRYKGKIRVWDVVGSAFNEDGSLRQTVFLNVIGEDYIKIAFQTARAADPNAKLYIADSNLDSASYPKTQAIVNKVKQWRAAGVPIDGIGSMTNLSAGQGAGVLQALPLLASAGTPEVSILMLDVAGASPTDYVNVVNACLNVQSCVGITVMGVADPDSAFASTTPLLFDGNFNPKPAYNAIVQDLQQGSIEGRGHHHHHH,0.07643042,-4.222658,7.988651
169,MAEAAQSIDQLIKARGKVYFGVATDQNRLTTGKNAAIIQADFGMVWPENSLQWDAVEPSQGNFNFAGADYVVNWAQQNGKLIGAGCLVWHNFLPSWVSSITDKETLTNVMKNHITTLMTRYKGKIRTWDVVGEAFNEDGSLRQNVFLNVIGEDYIPIAFQTARAADPNAKLYIMDYNLDSASYPKTQAIVNRVKQWRAAGVPIDGIGSMTNLSAGQGAGVLQALPLLASAGTPEVSILMLDVAGASPTDYVNVVNACLNVQSCVGITVMGVADPDSAFASSTPLLFDGNFNPKPAYNAIVQNLQQGSIEGRGHHHHHH,0.076131458,7.775915,5.976866
170,MAEAAQSIDQLIKARGKVYFGVATDQNRLTTGKNAAIIKADFGMVWPENSLQWDAVEPSQGNFNFAGADYLVNWAQQNGKLIGAGCLVWHNFLPSWVSSITDKNTLTNVMKNHITTLMTRYKGKIRTWDVVGEAFNEDGSLRQNVFLNVIGEDYIPIAFQTARAADPNAKLYIADSNLDSASYPKTQAIVNKVKQWRAAGVPIDGIGSQMHLSAGQGAGVLQALPLLASAGTPEVSILMLDVAGASPTDYVNVVNACLNVQSCVGITVMGVADPDSAFASSTPLLFDGNFNPKPAYNAIVQNLQQGSIEGRGHHHHHH,0.072887818,11.345885,5.260639
171,MAEAAQSVDQLMKARGKVYFGVATDQNRLTTGKNAAIIQADFGMVWPENSLQWDAVEPSQGNFNFAGADYVVNWAQQNGKLIGGGMLVWHSHLPSWVSSITDKETLTNVMKNHITTLMTRYKGKIRTWDVVGEAFNEDGSLRQTVFLNVIGEDYIPIAFQTARAADPNAKLYIMDYNLDSASYPKTQAIVNRVKQWRAAGVPIDGIGSQMHLSAGQGAGVLQALPLLASAGTPEVSILMLDVAGASPTDYVNVVNACLNVQSCVGITSFGVADPDSWRASTTPLLFDGNFNPKPAYNAIVQDLQQGSIEGRGHHHHHH,0.071800715,1.7221131,-9.225584
172,MAEAAQSVDQLMKARGKVYFGVATDQNRLTTGKNAAIIQADFGMVWPENSLQWDAVEPSQGNFNFAGADYVVNWAQQNGKLIGGGMLVWHSHLPSWVSSITDKETLTNVMKNHITTLMTRYKGKIRTWDVVGEAFNEDGSLRQNVFLNVIGEDYIPIAFQTARAADPNAKLYIMDYNLDSASYPKTQAIVNKVKQWRAAGVPIDGIGSMTNLSAGQGAGVLQALPLLASAGTPEVSILMLDVAGASPTDYVNVVNACLNVQSCVGITSFGVADPDSWRASTTPLLFDGNFNPKPAYNAIVQDLQQGSIEGRGHHHHHH,0.071701022,-1.2884582,-6.2722316
173,MAEAAQSVDQLMKARGKVYFGVATDQNRLTTGKNAAIIKADFGMVWPENSLQWDAVEPSQGNFNFAGADYVVNWAQQNGKLIGGGMLVWHSHLPSWVSSITDKETLTNVMKNHITTLMTRYKGKIRVWDVVGSAFNEDGSLRQTVFLNVIGEDYIKIAFQTARAADPNAKLYIADSNLDSASYPKTQAIVNKVKQWRAAGVPIDGIGSMTNLSAGQGAGVLQALPLLASAGTPEVSILMLDVAGASPTDYVNVVNACLNVQSCVGITSFGVADPDSAFASSTPLLFDGNFNPKPAYNAIVQDLQQGSIEGRGHHHHHH,0.071648755,-10.082806,1.7631431
174,MAEAAQSVDQLMKARGKVYFGVATDQNRLTTGKNAAIIQADFGMVWPENSLQWDAVEPSQGNFNFAGADYVVNWAQQNGKLIGAGCLVWHNFLPSWVSSITDKNTLINVMKNHITTLMTRYKGKIRVWDVVGSAFNEDGSLRQTVFLNVIGEDYIPIAFQTARAADPNAKLYIMDYNLDSASYPKTQAIVNKVKQWRAAGVPIDGIGSMTNLSAGQGAGVLQALPLLASAGTPEVSILMLDVAGASPTDYVNVVNACLNVQSCVGITVMGVADPDSAFASSTPLLFDGNFNPKPAYNAIVQDLQQGSIEGRGHHHHHH,0.071221876,5.2183056,6.0286946
175,MAEAAQSIDQLIKARGKVYFGVATDQNRLTTGKNAAIIKADFGMVWPEESMQWDATEPSQGNFNFAGADYLVNWAQQNGKLIGAGCLVWHNFLPSWVSSITDKNTLINVMKNHITTLMTRYKGKIRTWDVVGEAFNEDGSLRQNVFLNVIGEDYIPIAFQTARAADPNAKLYIADSNLDSASYPKTQAIVNKVKQWRAAGVPIDGIGSQMHLSAGQGAGVLQALPLLASAGTPEVSILMLDVAGASPTDYVNVVNACLNVQSCVGITSFGVADPDSAFASSTPLLFDGNFNPKPAYNAIVQDLQQGSIEGRGHHHHHH,0.067847051,10.151853,0.8079628
176,MAEAAQSIDQLIKARGKVYFGVATDQNRLTTGKNAAIIQADFGMVWPENSLQWDAVEPSQGNFNFAGADYVVNWAQQNGKLIGGGMLVWHNFLPSWVSSITDKNTLINVMKNHITTLMTRYKGKIRTWDVVGEAFNEDGSLRQTVFLNVIGEDYIKIAFQTARAADPNAKLYIMDYNLDSASYPKTQAIVNKVKQWRAAGVPIDGIGSMTNLSAGQGAGVLQALPLLASAGTPEVSILMLDVAGASPTDYVNVVNACLNVQSCVGITSFGVADPDSWRASTTPLLFDGNFNPKPAYNAIVQDLQQGSIEGRGHHHHHH,0.067363559,5.303059,-3.7156081
177,MAEAAQSIDQLIKARGKVYFGVATDQNRLTTGKNAAIIQADFGMVWPENSLQWDAVEPSQGNFNFAGADYVVNWAQQNGKLIGGGMLVWHSHLPSWVSSITDKETLTNVMKNHITTLMTRYKGKIRVWDVVGSAFNEDGSLRQTVFLNVIGEDYIPIAFQTARAADPNAKLYIMDYNLDSASYPKTQAIVNKVKQWRAAGVPIDGIGSMTNLSAGQGAGVLQALPLLASAGTPEVSILMLDVAGASPTDYVNVVNACLNVQSCVGITSFGVADPDSWRASTTPLLFDGNFNPKPAYNAIVQDLQQGSIEGRGHHHHHH,0.067095425,-2.3755543,-1.2634763
178,MAEAAQSVDQLMKARGKVYFGVATDQNRLTTGKNAAIIKADFGMVWPEESMQWDATEPSQGNFNFAGADYLVNWAQQNGKLIGAGCLVWHNFLPSWVSSITDKNTLINVMKNHITTLMTRYKGKIRTWDVVGEAFNEDGSLRQNVFLNVIGEDYIKIAFQTARAADPNAKLYIADSNLDSASYPKTQAIVNRVKQWRAAGVPIDGIGSQMHLSAGQGAGVLQALPLLASAGTPEVSILMLDVAGASPTDYVNVVNACLNVQSCVGITVMGVADPDSAFASSTPLLFDGNFNPKPAYNAIVQNLQQGSIEGRGHHHHHH,0.065591022,9.913284,3.400384
179,MAEAAQSIDQLIKARGKVYFGVATDQNRLTTGKNAAIIKADFGMVWPEESMQWDATEPSQGNFNFAGADYLVNWAQQNGKLIGGGMLVWHNFLPSWVSSITDKNTLINVMKNHITTLMTRYKGKIRTWDVVGEAFNEDGSLRQNVFLNVIGEDYIPIAFQTARAADPNAKLYIMDYNLDSASYPKTQAIVNKVKQWRAAGVPIDGIGSMTNLSAGQGAGVLQALPLLASAGTPEVSILMLDVAGASPTDYVNVVNACLNVQSCVGITSFGVADPDSWRASTTPLLFDGNFNPKPAYNAIVQNLQQGSIEGRGHHHHHH,0.062806405,8.034749,-2.7560337
180,MAEAAQSVDQLMKARGKVYFGVATDQNRLTTGKNAAIIQADFGMVWPEESMQWDATEPSQGNFNFAGADYLVNWAQQNGKLIGGGMLVWHSHLPSWVSSITDKETLTNVMKNHITTLMTRYKGKIRTWDVVGEAFNEDGSLRQNVFLNVIGEDYIPIAFQTARAADPNAKLYIMDYNLDSASYPKTQAIVNKVKQWRAAGVPIDGIGSQMHLSAGQGAGVLQALPLLASAGTPEVSILMLDVAGASPTDYVNVVNACLNVQSCVGITSFGVADPDSWRASTTPLLFDGNFNPKPAYNAIVQDLQQGSIEGRGHHHHHH,0.062346282,3.9544263,-8.087626
181,MAEAAQSVDQLMKARGKVYFGVATDQNRLTTGKNAAIIQADFGMVWPENSLQWDAVEPSQGNFNFAGADYVVNWAQQNGKLIGAGCLVWHNFLPSWVSSITDKETLTNVMKNHITTLMTRYKGKIRVWDVVGSAFNEDGSLRQNVFLNVIGEDYIPIAFQTARAADPNAKLYIADSNLDSASYPKTQAIVNKVKQWRAAGVPIDGIGSMTNLSAGQGAGVLQALPLLASAGTPEVSILMLDVAGASPTDYVNVVNACLNVQSCVGITVMGVADPDSAFASSTPLLFDGNFNPKPAYNAIVQNLQQGSIEGRGHHHHHH,0.060646996,-1.0532454,9.00154
182,MAEAAQSIDQLIKARGKVYFGVATDQNRLTTGKNAAIIKADFGMVWPENSLQWDAVEPSQGNFNFAGADYLVNWAQQNGKLIGGGMLVWHSHLPSWVSSITDKNTLINVMKNHITTLMTRYKGKIRTWDVVGEAFNEDGSLRQNVFLNVIGEDYIPIAFQTARAADPNAKLYIMDYNLDSASYPKTQAIVNRVKQWRAAGVPIDGIGSMTNLSAGQGAGVLQALPLLASAGTPEVSILMLDVAGASPTDYVNVVNACLNVQSCVGITVMGVADPDSAFASSTPLLFDGNFNPKPAYNAIVQNLQQGSIEGRGHHHHHH,0.059276842,7.086626,4.7387323
183,MAEAAQSVDQLMKARGKVYFGVATDQNRLTTGKNAAIIQADFGMVWPENSLQWDAVEPSQGNFNFAGADYVVNWAQQNGKLIGGGMLVWHNFLPSWVSSITDKETLTNVMKNHITTLMTRYKGKIRVWDVVGSAFNEDGSLRQTVFLNVIGEDYIKIAFQTARAADPNAKLYIMDYNLDSASYPKTQAIVNKVKQWRAAGVPIDGIGSMTNLSAGQGAGVLQALPLLASAGTPEVSILMLDVAGASPTDYVNVVNACLNVQSCVGITSFGVADPDSWRASTTPLLFDGNFNPKPAYNAIVQNLQQGSIEGRGHHHHHH,0.058623154,-2.2516673,-1.963764
184,MAEAAQSVDQLMKARGKVYFGVATDQNRLTTGKNAAIIQADFGMVWPENSLQWDAVEPSQGNFNFAGADYVVNWAQQNGKLIGGGMLVWHSHLPSWVSSITDKETLTNVMKNHITTLMTRYKGKIRVWDVVGSAFNEDGSLRQTVFLNVIGEDYIKIAFQTARAADPNAKLYIMDYNLDSASYPKTQAIVNKVKQWRAAGVPIDGIGSMTNLSAGQGAGVLQALPLLASAGTPEVSILMLDVAGASPTDYVNVVNACLNVQSCVGITVMGVADPDSAFASSTPLLFDGNFNPKPAYNAIVQNLQQGSIEGRGHHHHHH,0.057634847,-2.148584,5.4659996
185,MAEAAQSVDQLMKARGKVYFGVATDQNRLTTGKNAAIIQADFGMVWPENSLQWDAVEPSQGNFNFAGADYLVNWAQQNGKLIGGGMLVWHSHLPSWVSSITDKETLTNVMKNHITTLMTRYKGKIRVWDVVGEAFNEDGSLRQTVFLNVIGEDYIPIAFQTARAADPNAKLYIMDYNLDSASYPKTQAIVNRVKQWRAAGVPIDGIGSQMHLSAGQGAGVLQALPLLASAGTPEVSILMLDVAGASPTDYVNVVNACLNVQSCVGITVMGVADPDSAFASSTPLLFDGNFNPKPAYNAIVQDLQQGSIEGRGHHHHHH,0.054295489,4.5708027,0.28733337
186,MAEAAQSIDQLIKARGKVYFGVATDQNRLTTGKNAAIIKADFGMVWPEESMQWDATEPSQGNFNFAGADYLVNWAQQNGKLIGAGCLVWHNFLPSWVSSITDKNTLINVMKNHITTLMTRYKGKIRVWDVVGSAFNEDGSLRQNVFLNVIGEDYIPIAFQTARAADPNAKLYIADSNLDSASYPKTQAIVNKVKQWRAAGVPIDGIGSQMHLSAGQGAGVLQALPLLASAGTPEVSILMLDVAGASPTDYVNVVNACLNVQSCVGITVMGVADPDSAFASSTPLLFDGNFNPKPAYNAIVQNLQQGSIEGRGHHHHHH,0.054100506,9.191554,8.281656
187,MAEAAQSIDQLIKARGKVYFGVATDQNRLTTGKNAAIIKADFGMVWPEESMQWDATEPSQGNFNFAGADYLVNWAQQNGKLIGGGMLVWHSHLPSWVSSITDKNTLINVMKNHITTLMTRYKGKIRTWDVVGEAFNEDGSLRQNVFLNVIGEDYIPIAFQTARAADPNAKLYIMDYNLDSASYPKTQAIVNRVKQWRAAGVPIDGIGSMTNLSAGQGAGVLQALPLLASAGTPEVSILMLDVAGASPTDYVNVVNACLNVQSCVGITVMGVADPDSAFASSTPLLFDGNFNPKPAYNAIVQNLQQGSIEGRGHHHHHH,0.053809669,7.1722317,3.9819274
188,MAEAAQSVDQLMKARGKVYFGVATDQNRLTTGKNAAIIQADFGMVWPENSLQWDAVEPSQGNFNFAGADYVVNWAQQNGKLIGGGMLVWHSHLPSWVSSITDKETLTNVMKNHITTLMTRYKGKIRVWDVVGSAFNEDGSLRQNVFLNVIGEDYIPIAFQTARAADPNAKLYIMDYNLDSASYPKTQAIVNRVKQWRAAGVPIDGIGSMTNLSAGQGAGVLQALPLLASAGTPEVSILMLDVAGASPTDYVNVVNACLNVQSCVGITVMGVADPDSAFASSTPLLFDGNFNPKPAYNAIVQNLQQGSIEGRGHHHHHH,0.053644316,-2.3032682,4.9446397
189,MAEAAQSIDQLIKARGKVYFGVATDQNRLTTGKNAAIIKADFGMVWPEESMQWDATEPSQGNFNFAGADYVVNWAQQNGKLIGGGMLVWHSHLPSWVSSITDKETLTNVMKNHITTLMTRYKGKIRTWDVVGEAFNEDGSLRQNVFLNVIGEDYIPIAFQTARAADPNAKLYIMDYNLDSASYPKTQAIVNRVKQWRAAGVPIDGIGSMTNLSAGQGAGVLQALPLLASAGTPEVSILMLDVAGASPTDYVNVVNACLNVQSCVGITVMGVADPDSAFASSTPLLFDGNFNPKPAYNAIVQDLQQGSIEGRGHHHHHH,0.052120696,1.3854425,2.2442064
190,MAEAAQSVDQLMKARGKVYFGVATDQNRLTTGKNAAIIQADFGMVWPENSLQWDAVEPSQGNFNFAGADYVVNWAQQNGKLIGGGMLVWHSHLPSWVSSITDKETLTNVMKNHITTLMTRYKGKIRVWDVVGSAFNEDGSLRQTVFLNVIGEDYIKIAFQTARAADPNAKLYIMDYNLDSASYPKTQAIVNRVKQWRAAGVPIDGIGSMTNLSAGQGAGVLQALPLLASAGTPEVSILMLDVAGASPTDYVNVVNACLNVQSCVGITVMGVADPDSAFASTTPLLFDGNFNPKPAYNAIVQDLQQGSIEGRGHHHHHH,0.051843653,-4.416758,4.1109767
191,MAEAAQSIDQLIKARGKVYFGVATDQNRLTTGKNAAIIKADFGMVWPEESMQWDATEPSQGNFNFAGADYVVNWAQQNGKLIGGGMLVWHSHLPSWVSSITDKNTLINVMKNHITTLMTRYKGKIRTWDVVGEAFNEDGSLRQNVFLNVIGEDYIPIAFQTARAADPNAKLYIMDYNLDSASYPKTQAIVNRVKQWRAAGVPIDGIGSMTNLSAGQGAGVLQALPLLASAGTPEVSILMLDVAGASPTDYVNVVNACLNVQSCVGITSFGVADPDSAFASTTPLLFDGNFNPKPAYNAIVQNLQQGSIEGRGHHHHHH,0.051457475,5.397255,-0.50321937
192,MAEAAQSVDQLMKARGKVYFGVATDQNRLTTGKNAAIIKADFGMVWPENSLQWDAVEPSQGNFNFAGADYLVNWAQQNGKLIGAGCLVWHNFLPSWVSSITDKETLTNVMKNHITTLMTRYKGKIRVWDVVGSAFNEDGSLRQTVFLNVIGEDYIKIAFQTARAADPNAKLYIADSNLDSASYPKTQAIVNKVKQWRAAGVPIDGIGSQMHLSAGQGAGVLQALPLLASAGTPEVSILMLDVAGASPTDYVNVVNACLNVQSCVGITSFGVADPDSWRASTTPLLFDGNFNPKPAYNAIVQDLQQGSIEGRGHHHHHH,0.05125018,0.6105341,-1.4773391
193,MAEAAQSIDQLIKARGKVYFGVATDQNRLTTGKNAAIIKADFGMVWPENSMKWDATEPSQGNFNFAGADYLVNWAQQNGKLIGAGCLVWHNFLPSWVSSITDKETLTNVMKNHITTLMTRYKGKIRVWDVVGEAFNEDGSLRQNVFLNVIGEDYIPIAFQTARAADPNAKLYIADSNLDSASYPKTQAIVNKVKQWRAAGVPIDGIGSMTNLSAGQGAGVLQALPLLASAGTPEVSILMLDVAGASPTDYVNVVNACLNVQSCVGITVMGVADPDSAFASSTPLLFDGNFNPKPAYNAIVQDLQQGSIEGRGHHHHHH,0.049533458,5.1838646,7.327278
194,MAEAAQSIDQLIKARGKVYFGVATDQNRLTTGKNAAIIQADFGMVWPEESMQWDAVEPSQGNFNFAGADYLVNWAQQNGKLIGGGMLVWHSHLPSWVSSITDKETLTNVMKNHITTLMTRYKGKIRVWDVVGSAFNEDGSLRQTVFLNVIGEDYIPIAFQTARAADPNAKLYIMDYNLDSASYPKTQAIVNKVKQWRAAGVPIDGIGSMTNLSAGQGAGVLQALPLLASAGTPEVSILMLDVAGASPTDYVNVVNACLNVQSCVGITVMGVADPDSWRASTTPLLFDGNFNPKPAYNAIVQNLQQGSIEGRGHHHHHH,0.047708979,1.3504914,4.223033
195,MAEAAQSVDQLMKARGKVYFGVATDQNRLTTGKNAAIIQADFGMVWPENSLQWDATEPSQGNFNFAGADYVVNWAQQNGKLIGGGMLVWHSHLPSWVSSITDKNTLINVMKNHITTLMTRYKGKIRTWDVVGSAFNEDGSLRQNVFLNVIGEDYIPIAFQTARAADPNAKLYIMDYNLDSASYPKTQAIVNRVKQWRAAGVPIDGIGSMTNLSAGQGAGVLQALPLLASAGTPEVSILMLDVAGASPTDYVNVVNACLNVQSCVGITVMGVADPDSAFASSTPLLFDGNFNPKPAYNAIVQNLQQGSIEGRGHHHHHH,0.036005436,0.42669564,3.6779656